Theta[deg.],Gain(S)_y20_90,Gain(M)_y20_90,Gain(S)_y40_90,Gain(M)_y40_90,Gain(S)_y80_90,Gain(M)_y80_90,Gain(S)_x20_90,Gain(M)_x20_90,Gain(S)_x40_90,Gain(M)_x40_90,Gain(S)_x80_90,Gain(M)_x80_90
0,1.616,1.2928,2.296,1.8368,2.57,2.056,1.212,0.9353408,1.717408,1.35353792,2.6985,2.09712
1,1.712,1.3696,2.382,1.9056,2.656,2.1248,1.284,0.9909056,1.781736,1.40423664,2.7888,2.167296
2,1.802,1.4416,2.463,1.9704,2.738,2.1904,1.3515,1.0429976,1.842324,1.45198776,2.8749,2.234208
3,1.888,1.5104,2.54,2.032,2.815,2.252,1.416,1.0927744,1.89992,1.4973808,2.95575,2.29704
4,1.969,1.5752,2.612,2.0896,2.887,2.3096,1.47675,1.1396572,1.953776,1.53982624,3.03135,2.355792
5,2.046,1.6368,2.679,2.1432,2.955,2.364,1.5345,1.1842248,2.003892,1.57932408,3.10275,2.41128
6,2.117,1.6936,2.742,2.1936,3.018,2.4144,1.58775,1.2253196,2.051016,1.61646384,3.1689,2.462688
7,2.184,1.7472,2.8,2.24,3.077,2.4616,1.638,1.2640992,2.0944,1.650656,3.23085,2.510832
8,2.246,1.7968,2.854,2.2832,3.131,2.5048,1.6845,1.2999848,2.134792,1.68249008,3.28755,2.554896
9,2.303,1.8424,2.903,2.3224,3.18,2.544,1.72725,1.3329764,2.171444,1.71137656,3.339,2.59488
10,2.356,1.8848,2.947,2.3576,3.225,2.58,1.767,1.3636528,2.204356,1.73731544,3.38625,2.6316
11,2.403,1.9224,2.986,2.3888,3.265,2.612,1.80225,1.3908564,2.233528,1.76030672,3.42825,2.66424
12,2.446,1.9568,3.021,2.4168,3.3,2.64,1.8345,1.4157448,2.259708,1.78093992,3.465,2.6928
13,2.485,1.988,3.052,2.4416,3.331,2.6648,1.86375,1.438318,2.282896,1.79921504,3.49755,2.718096
14,2.518,2.0144,3.077,2.4616,3.356,2.6848,1.8885,1.4574184,2.301596,1.81395304,3.5238,2.738496
15,2.547,2.0376,3.098,2.4784,3.378,2.7024,1.91025,1.4742036,2.317304,1.82633296,3.5469,2.756448
16,2.571,2.0568,3.114,2.4912,3.394,2.7152,1.92825,1.4880948,2.329272,1.83576528,3.5637,2.769504
17,2.59,2.072,3.126,2.5008,3.406,2.7248,1.9425,1.499092,2.338248,1.84283952,3.5763,2.779296
18,2.605,2.084,3.133,2.5064,3.413,2.7304,1.95375,1.507774,2.343484,1.84696616,3.58365,2.785008
19,2.614,2.0912,3.135,2.508,3.416,2.7328,1.9605,1.5129832,2.34498,1.8481452,3.5868,2.787456
20,2.619,2.0952,3.132,2.5056,3.413,2.7304,1.96425,1.5158772,2.342736,1.84637664,3.58365,2.785008
21,2.619,2.0952,3.125,2.5,3.406,2.7248,1.96425,1.5158772,2.3375,1.84225,3.5763,2.779296
22,2.614,2.0912,3.113,2.4904,3.394,2.7152,1.9605,1.5129832,2.328524,1.83517576,3.5637,2.769504
23,2.605,2.084,3.096,2.4768,3.378,2.7024,1.95375,1.507774,2.315808,1.82515392,3.5469,2.756448
24,2.591,2.0728,3.074,2.4592,3.356,2.6848,1.94325,1.4996708,2.299352,1.81218448,3.5238,2.738496
25,2.571,2.0568,3.048,2.4384,3.33,2.664,1.92825,1.4880948,2.279904,1.79685696,3.4965,2.71728
26,2.547,2.0376,3.017,2.4136,3.299,2.6392,1.91025,1.4742036,2.256716,1.77858184,3.46395,2.691984
27,2.518,2.0144,2.981,2.3848,3.262,2.6096,1.8885,1.4574184,2.229788,1.75735912,3.4251,2.661792
28,2.484,1.9872,2.94,2.352,3.221,2.5768,1.863,1.4377392,2.19912,1.7331888,3.38205,2.628336
29,2.445,1.956,2.894,2.3152,3.175,2.54,1.83375,1.415166,2.164712,1.70607088,3.33375,2.5908
30,2.401,1.9208,2.843,2.2744,3.125,2.5,1.80075,1.3896988,2.126564,1.67600536,3.28125,2.55
31,2.352,1.8816,2.787,2.2296,3.069,2.4552,1.764,1.3613376,2.084676,1.64299224,3.22245,2.504304
32,2.298,1.8384,2.727,2.1816,3.008,2.4064,1.7235,1.3300824,2.039796,1.60762104,3.1584,2.454528
33,2.239,1.7912,2.661,2.1288,2.942,2.3536,1.67925,1.2959332,1.990428,1.56871272,3.0891,2.400672
34,2.175,1.74,2.59,2.072,2.87,2.296,1.63125,1.25889,1.93732,1.5268568,3.0135,2.34192
35,2.106,1.6848,2.514,2.0112,2.794,2.2352,1.5795,1.2189528,1.880472,1.48205328,2.9337,2.279904
36,2.031,1.6248,2.432,1.9456,2.712,2.1696,1.52325,1.1755428,1.819136,1.43371264,2.8476,2.212992
37,1.951,1.5608,2.346,1.8768,2.625,2.1,1.46325,1.1292388,1.754808,1.38301392,2.75625,2.142
38,1.866,1.4928,2.254,1.8032,2.533,2.0264,1.3995,1.0800408,1.685992,1.32877808,2.65965,2.066928
39,1.775,1.42,2.156,1.7248,2.435,1.948,1.33125,1.02737,1.612688,1.27100512,2.55675,1.98696
40,1.679,1.3432,2.053,1.6424,2.331,1.8648,1.25925,0.9718052,1.535644,1.21028456,2.44755,1.902096
41,1.577,1.2616,1.945,1.556,2.222,1.7776,1.18275,0.9127676,1.45486,1.1466164,2.3331,1.813152
42,1.47,1.176,1.831,1.4648,2.108,1.6864,1.1025,0.850836,1.369588,1.07941112,2.2134,1.720128
43,1.356,1.0848,1.711,1.3688,1.987,1.5896,1.017,0.7848528,1.279828,1.00866872,2.08635,1.621392
44,1.237,0.9896,1.585,1.268,1.86,1.488,0.92775,0.7159756,1.18558,0.9343892,1.953,1.51776
45,1.112,0.8896,1.453,1.1624,1.728,1.3824,0.834,0.6436256,1.086844,0.85657256,1.8144,1.410048
46,0.9806,0.78448,1.315,1.052,1.589,1.2712,0.73545,0.56757128,0.98362,0.7752188,1.66845,1.296624
47,0.843,0.6744,1.171,0.9368,1.444,1.1552,0.63225,0.4879284,0.875908,0.69032792,1.5162,1.178304
48,0.699,0.5592,1.02,0.816,1.292,1.0336,0.52425,0.4045812,0.76296,0.6013104,1.3566,1.054272
49,0.5485,0.4388,0.8629,0.69032,1.133,0.9064,0.411375,0.3174718,0.6454492,0.508696808,1.18965,0.924528
50,0.3912,0.31296,0.6987,0.55896,0.9681,0.77448,0.2934,0.22642656,0.5226276,0.411897624,1.016505,0.7899696
51,0.2269,0.18152,0.5275,0.422,0.7957,0.63656,0.170175,0.13132972,0.39457,0.3109718,0.835485,0.6492912
52,0.05548,0.044384,0.3491,0.27928,0.6159,0.49272,0.04161,0.032111824,0.2611268,0.205801432,0.646695,0.5025744
53,-0.1233,-0.09864,0.1632,0.13056,0.4286,0.34288,-0.092475,-0.07136604,0.1220736,0.096209664,0.45003,0.3497376
54,-0.3098,-0.24784,-0.03048,-0.024384,0.2334,0.18672,-0.23235,-0.17931224,-0.02279904,-0.01796857,0.24507,0.1904544
55,-0.5041,-0.40328,-0.2322,-0.18576,0.03001,0.024008,-0.378075,-0.29177308,-0.1736856,-0.136886544,0.0315105,0.02448816
56,-0.7067,-0.56536,-0.4423,-0.35384,-0.1818,-0.14544,-0.530025,-0.40903796,-0.3308404,-0.260744696,-0.19089,-0.1483488
57,-0.9177,-0.73416,-0.6611,-0.52888,-0.4026,-0.32208,-0.688275,-0.53116476,-0.4945028,-0.389731672,-0.42273,-0.3285216
58,-1.138,-0.9104,-0.8891,-0.71128,-0.6325,-0.506,-0.8535,-0.6586744,-0.6650468,-0.524142232,-0.664125,-0.51612
59,-1.367,-1.0936,-1.127,-0.9016,-0.8722,-0.69776,-1.02525,-0.7912196,-0.842996,-0.66438904,-0.91581,-0.7117152
60,-1.606,-1.2848,-1.374,-1.0992,-1.122,-0.8976,-1.2045,-0.9295528,-1.027752,-0.81000048,-1.1781,-0.915552
61,-1.855,-1.484,-1.632,-1.3056,-1.383,-1.1064,-1.39125,-1.073674,-1.220736,-0.96209664,-1.45215,-1.128528
62,-2.115,-1.692,-1.901,-1.5208,-1.655,-1.324,-1.58625,-1.224162,-1.421948,-1.12067752,-1.73775,-1.35048
63,-2.386,-1.9088,-2.182,-1.7456,-1.939,-1.5512,-1.7895,-1.3810168,-1.632136,-1.28633264,-2.03595,-1.582224
64,-2.669,-2.1352,-2.476,-1.9808,-2.235,-1.788,-2.00175,-1.5448172,-1.852048,-1.45965152,-2.34675,-1.82376
65,-2.964,-2.3712,-2.782,-2.2256,-2.546,-2.0368,-2.223,-1.7155632,-2.080936,-1.64004464,-2.6733,-2.077536
66,-3.273,-2.6184,-3.103,-2.4824,-2.871,-2.2968,-2.45475,-1.8944124,-2.321044,-1.82928056,-3.01455,-2.342736
67,-3.596,-2.8768,-3.439,-2.7512,-3.211,-2.5688,-2.697,-2.0813648,-2.572372,-2.02735928,-3.37155,-2.620176
68,-3.934,-3.1472,-3.792,-3.0336,-3.568,-2.8544,-2.9505,-2.2769992,-2.836416,-2.23545984,-3.7464,-2.911488
69,-4.289,-3.4312,-4.162,-3.3296,-3.944,-3.1552,-3.21675,-2.4824732,-3.113176,-2.45358224,-4.1412,-3.218304
70,-4.66,-3.728,-4.551,-3.6408,-4.339,-3.4712,-3.495,-2.697208,-3.404148,-2.68290552,-4.55595,-3.540624
71,-5.051,-4.0408,-4.961,-3.9688,-4.756,-3.8048,-3.78825,-2.9235188,-3.710828,-2.92460872,-4.9938,-3.880896
72,-5.461,-4.3688,-5.393,-4.3144,-5.197,-4.1576,-4.09575,-3.1608268,-4.033964,-3.17928136,-5.45685,-4.240752
73,-5.893,-4.7144,-5.85,-4.68,-5.663,-4.5304,-4.41975,-3.4108684,-4.3758,-3.448692,-5.94615,-4.621008
74,-6.348,-5.0784,-6.335,-5.068,-6.159,-4.9272,-4.761,-3.6742224,-4.73858,-3.7346092,-6.46695,-5.025744
75,-6.829,-5.4632,-6.85,-5.48,-6.687,-5.3496,-5.12175,-3.9526252,-5.1238,-4.038212,-7.02135,-5.456592
76,-7.337,-5.8696,-7.399,-5.9192,-7.251,-5.8008,-5.50275,-4.2466556,-5.534452,-4.36185848,-7.61355,-5.916816
77,-7.875,-6.3,-7.986,-6.3888,-7.856,-6.2848,-5.90625,-4.55805,-5.973528,-4.70790672,-8.2488,-6.410496
78,-8.446,-6.7568,-8.616,-6.8928,-8.509,-6.8072,-6.3345,-4.8885448,-6.444768,-5.07930432,-8.93445,-6.943344
79,-9.051,-7.2408,-9.294,-7.4352,-9.215,-7.372,-6.78825,-5.2387188,-6.951912,-5.47899888,-9.67575,-7.51944
80,-9.693,-7.7544,-10.03,-8.024,-9.985,-7.988,-7.26975,-5.6103084,-7.50244,-5.9128856,-10.48425,-8.14776
81,-10.37,-8.296,-10.83,-8.664,-10.83,-8.664,-7.7775,-6.002156,-8.10084,-6.3845016,-11.3715,-8.83728
82,-11.09,-8.872,-11.7,-9.36,-11.76,-9.408,-8.3175,-6.418892,-8.7516,-6.897384,-12.348,-9.59616
83,-11.85,-9.48,-12.65,-10.12,-12.8,-10.24,-8.8875,-6.85878,-9.4622,-7.457428,-13.44,-10.4448
84,-12.64,-10.112,-13.7,-10.96,-13.97,-11.176,-9.48,-7.316032,-10.2476,-8.076424,-14.6685,-11.39952
85,-13.45,-10.76,-14.86,-11.888,-15.31,-12.248,-10.0875,-7.78486,-11.11528,-8.7602672,-16.0755,-12.49296
86,-14.25,-11.4,-16.13,-12.904,-16.85,-13.48,-10.6875,-8.2479,-12.06524,-9.5089576,-17.6925,-13.7496
87,-15,-12,-17.5,-14,-18.64,-14.912,-11.25,-8.682,-13.09,-10.3166,-19.572,-15.21024
88,-15.63,-12.504,-18.88,-15.104,-20.68,-16.544,-11.7225,-9.046644,-14.12224,-11.1301376,-21.714,-16.87488
89,-16.07,-12.856,-20.06,-16.048,-22.78,-18.224,-12.0525,-9.301316,-15.00488,-11.8257712,-23.919,-18.58848
90,-16.24,-12.992,-20.7,-16.56,-24.16,-19.328,-12.18,-9.399712,-15.4836,-12.203064,-25.368,-19.71456
91,-16.11,-12.888,-20.5,-16.4,-23.71,-18.968,-12.0825,-9.324468,-15.334,-12.08516,-24.8955,-19.34736
92,-15.7,-12.56,-19.56,-15.648,-21.85,-17.48,-11.775,-9.08716,-14.63088,-11.5310112,-22.9425,-17.8296
93,-15.08,-12.064,-18.25,-14.6,-19.73,-15.784,-11.31,-8.728304,-13.651,-10.75874,-20.7165,-16.09968
94,-14.33,-11.464,-16.86,-13.488,-17.79,-14.232,-10.7475,-8.294204,-12.61128,-9.9393072,-18.6795,-14.51664
95,-13.52,-10.816,-15.52,-12.416,-16.12,-12.896,-10.14,-7.825376,-11.60896,-9.1493504,-16.926,-13.15392
96,-12.7,-10.16,-14.29,-11.432,-14.67,-11.736,-9.525,-7.35076,-10.68892,-8.4242408,-15.4035,-11.97072
97,-11.89,-9.512,-13.18,-10.544,-13.41,-10.728,-8.9175,-6.881932,-9.85864,-7.7698736,-14.0805,-10.94256
98,-11.12,-8.896,-12.16,-9.728,-12.29,-9.832,-8.34,-6.436256,-9.09568,-7.1685632,-12.9045,-10.02864
99,-10.38,-8.304,-11.24,-8.992,-11.3,-9.04,-7.785,-6.007944,-8.40752,-6.6262048,-11.865,-9.2208
100,-9.678,-7.7424,-10.4,-8.32,-10.41,-8.328,-7.2585,-5.6016264,-7.7792,-6.131008,-10.9305,-8.49456
101,-9.017,-7.2136,-9.624,-7.6992,-9.594,-7.6752,-6.76275,-5.2190396,-7.198752,-5.67354048,-10.0737,-7.828704
102,-8.393,-6.7144,-8.909,-7.1272,-8.85,-7.08,-6.29475,-4.8578684,-6.663932,-5.25203368,-9.2925,-7.2216
103,-7.805,-6.244,-8.247,-6.5976,-8.166,-6.5328,-5.85375,-4.517534,-6.168756,-4.86177144,-8.5743,-6.663456
104,-7.249,-5.7992,-7.63,-6.104,-7.532,-6.0256,-5.43675,-4.1957212,-5.70724,-4.4980376,-7.9086,-6.146112
105,-6.723,-5.3784,-7.054,-5.6432,-6.942,-5.5536,-5.04225,-3.8912724,-5.276392,-4.15847408,-7.2891,-5.664672
106,-6.224,-4.9792,-6.514,-5.2112,-6.391,-5.1128,-4.668,-3.6024512,-4.872472,-3.84013328,-6.71055,-5.215056
107,-5.752,-4.6016,-6.006,-4.8048,-5.874,-4.6992,-4.314,-3.3292576,-4.492488,-3.54065712,-6.1677,-4.793184
108,-5.303,-4.2424,-5.527,-4.4216,-5.388,-4.3104,-3.97725,-3.0693764,-4.134196,-3.25827704,-5.6574,-4.396608
109,-4.876,-3.9008,-5.074,-4.0592,-4.929,-3.9432,-3.657,-2.8222288,-3.795352,-2.99122448,-5.17545,-4.022064
110,-4.468,-3.5744,-4.645,-3.716,-4.495,-3.596,-3.351,-2.5860784,-3.47446,-2.7383204,-4.71975,-3.66792
111,-4.08,-3.264,-4.238,-3.3904,-4.084,-3.2672,-3.06,-2.361504,-3.170024,-2.49838576,-4.2882,-3.332544
112,-3.709,-2.9672,-3.85,-3.08,-3.694,-2.9552,-2.78175,-2.1467692,-2.8798,-2.269652,-3.8787,-3.014304
113,-3.354,-2.6832,-3.481,-2.7848,-3.322,-2.6576,-2.5155,-1.9412952,-2.603788,-2.05211912,-3.4881,-2.710752
114,-3.015,-2.412,-3.128,-2.5024,-2.968,-2.3744,-2.26125,-1.745082,-2.339744,-1.84401856,-3.1164,-2.421888
115,-2.689,-2.1512,-2.791,-2.2328,-2.63,-2.104,-2.01675,-1.5563932,-2.087668,-1.64535032,-2.7615,-2.14608
116,-2.377,-1.9016,-2.469,-1.9752,-2.307,-1.8456,-1.78275,-1.3758076,-1.846812,-1.45552488,-2.42235,-1.882512
117,-2.077,-1.6616,-2.16,-1.728,-1.998,-1.5984,-1.55775,-1.2021676,-1.61568,-1.2733632,-2.0979,-1.630368
118,-1.79,-1.432,-1.865,-1.492,-1.702,-1.3616,-1.3425,-1.036052,-1.39502,-1.0994548,-1.7871,-1.388832
119,-1.513,-1.2104,-1.581,-1.2648,-1.419,-1.1352,-1.13475,-0.8757244,-1.182588,-0.93203112,-1.48995,-1.157904
120,-1.247,-0.9976,-1.308,-1.0464,-1.147,-0.9176,-0.93525,-0.7217636,-0.978384,-0.77109216,-1.20435,-0.935952
121,-0.9908,-0.79264,-1.047,-0.8376,-0.886,-0.7088,-0.7431,-0.57347504,-0.783156,-0.61722744,-0.9303,-0.722976
122,-0.7444,-0.59552,-0.7949,-0.63592,-0.6354,-0.50832,-0.5583,-0.43085872,-0.5945852,-0.468609448,-0.66717,-0.5184864
123,-0.507,-0.4056,-0.553,-0.4424,-0.3946,-0.31568,-0.38025,-0.2934516,-0.413644,-0.32600456,-0.41433,-0.3219936
124,-0.2784,-0.22272,-0.3202,-0.25616,-0.1631,-0.13048,-0.2088,-0.16113792,-0.2395096,-0.188764304,-0.171255,-0.1330896
125,-0.05811,-0.046488,-0.09623,-0.076984,0.05939,0.047512,-0.0435825,-0.033634068,-0.07198004,-0.05672951,0.0623595,0.04846224
126,0.1541,0.12328,0.1194,0.09552,0.2733,0.21864,0.115575,0.08919308,0.0893112,0.070388688,0.286965,0.2230128
127,0.3587,0.28696,0.3269,0.26152,0.4791,0.38328,0.269025,0.20761556,0.2445212,0.192714088,0.503055,0.3909456
128,0.5558,0.44464,0.5267,0.42136,0.677,0.5416,0.41685,0.32169704,0.3939716,0.310500184,0.71085,0.552432
129,0.7457,0.59656,0.719,0.5752,0.8673,0.69384,0.559275,0.43161116,0.537812,0.42386488,0.910665,0.7077168
130,0.9287,0.74296,0.9041,0.72328,1.05,0.84,0.696525,0.53753156,0.6762668,0.532985032,1.1025,0.8568
131,1.105,0.884,1.082,0.8656,1.226,0.9808,0.82875,0.639574,0.809336,0.63786064,1.2873,1.000416
132,1.275,1.02,1.254,1.0032,1.395,1.116,0.95625,0.73797,0.937992,0.73925808,1.46475,1.13832
133,1.438,1.1504,1.419,1.1352,1.558,1.2464,1.0785,0.8323144,1.061412,0.83652888,1.6359,1.271328
134,1.595,1.276,1.577,1.2616,1.714,1.3712,1.19625,0.923186,1.179596,0.92967304,1.7997,1.398624
135,1.747,1.3976,1.73,1.384,1.863,1.4904,1.31025,1.0111636,1.29404,1.0198696,1.95615,1.520208
136,1.892,1.5136,1.876,1.5008,2.007,1.6056,1.419,1.0950896,1.403248,1.10593952,2.10735,1.637712
137,2.032,1.6256,2.016,1.6128,2.144,1.7152,1.524,1.1761216,1.507968,1.18847232,2.2512,1.749504
138,2.166,1.7328,2.151,1.7208,2.276,1.8208,1.6245,1.2536808,1.608948,1.26805752,2.3898,1.857216
139,2.294,1.8352,2.28,1.824,2.402,1.9216,1.7205,1.3277672,1.70544,1.3441056,2.5221,1.960032
140,2.418,1.9344,2.404,1.9232,2.522,2.0176,1.8135,1.3995384,1.798192,1.41720608,2.6481,2.057952
141,2.536,2.0288,2.522,2.0176,2.637,2.1096,1.902,1.4678368,1.886456,1.48676944,2.76885,2.151792
142,2.648,2.1184,2.634,2.1072,2.746,2.1968,1.986,1.5326624,1.970232,1.55279568,2.8833,2.240736
143,2.756,2.2048,2.742,2.1936,2.85,2.28,2.067,1.5951728,2.051016,1.61646384,2.9925,2.3256
144,2.859,2.2872,2.844,2.2752,2.949,2.3592,2.14425,1.6547892,2.127312,1.67659488,3.09645,2.406384
145,2.956,2.3648,2.942,2.3536,3.043,2.4344,2.217,1.7109328,2.200616,1.73436784,3.19515,2.483088
146,3.049,2.4392,3.034,2.4272,3.131,2.5048,2.28675,1.7647612,2.269432,1.78860368,3.28755,2.554896
147,3.137,2.5096,3.121,2.4968,3.215,2.572,2.35275,1.8156956,2.334508,1.83989192,3.37575,2.62344
148,3.22,2.576,3.204,2.5632,3.293,2.6344,2.415,1.863736,2.396592,1.88882208,3.45765,2.687088
149,3.299,2.6392,3.281,2.6248,3.367,2.6936,2.47425,1.9094612,2.454188,1.93421512,3.53535,2.747472
150,3.373,2.6984,3.354,2.6832,3.435,2.748,2.52975,1.9522924,2.508792,1.97725008,3.60675,2.80296
151,3.442,2.7536,3.422,2.7376,3.499,2.7992,2.5815,1.9922296,2.559656,2.01733744,3.67395,2.855184
152,3.506,2.8048,3.485,2.788,3.558,2.8464,2.6295,2.0292728,2.60678,2.0544772,3.7359,2.903328
153,3.566,2.8528,3.544,2.8352,3.612,2.8896,2.6745,2.0640008,2.650912,2.08925888,3.7926,2.947392
154,3.622,2.8976,3.598,2.8784,3.662,2.9296,2.7165,2.0964136,2.691304,2.12109296,3.8451,2.988192
155,3.673,2.9384,3.647,2.9176,3.706,2.9648,2.75475,2.1259324,2.727956,2.14997944,3.8913,3.024096
156,3.719,2.9752,3.692,2.9536,3.746,2.9968,2.78925,2.1525572,2.761616,2.17650784,3.9333,3.056736
157,3.762,3.0096,3.732,2.9856,3.782,3.0256,2.8215,2.1774456,2.791536,2.20008864,3.9711,3.086112
158,3.799,3.0392,3.768,3.0144,3.812,3.0496,2.84925,2.1988612,2.818464,2.22131136,4.0026,3.110592
159,3.833,3.0664,3.799,3.0392,3.838,3.0704,2.87475,2.2185404,2.841652,2.23958648,4.0299,3.131808
160,3.862,3.0896,3.826,3.0608,3.86,3.088,2.8965,2.2353256,2.861848,2.25550352,4.053,3.14976
161,3.886,3.1088,3.848,3.0784,3.877,3.1016,2.9145,2.2492168,2.878304,2.26847296,4.07085,3.163632
162,3.907,3.1256,3.866,3.0928,3.889,3.1112,2.93025,2.2613716,2.891768,2.27908432,4.08345,3.173424
163,3.923,3.1384,3.88,3.104,3.897,3.1176,2.94225,2.2706324,2.90224,2.2873376,4.09185,3.179952
164,3.935,3.148,3.889,3.1112,3.9,3.12,2.95125,2.277578,2.908972,2.29264328,4.095,3.1824
165,3.942,3.1536,3.893,3.1144,3.898,3.1184,2.9565,2.2816296,2.911964,2.29500136,4.0929,3.180768
166,3.946,3.1568,3.893,3.1144,3.893,3.1144,2.9595,2.2839448,2.911964,2.29500136,4.08765,3.176688
167,3.945,3.156,3.889,3.1112,3.882,3.1056,2.95875,2.283366,2.908972,2.29264328,4.0761,3.167712
168,3.94,3.152,3.881,3.1048,3.867,3.0936,2.955,2.280472,2.902988,2.28792712,4.06035,3.155472
169,3.93,3.144,3.868,3.0944,3.848,3.0784,2.9475,2.274684,2.893264,2.28026336,4.0404,3.139968
170,3.917,3.1336,3.85,3.08,3.824,3.0592,2.93775,2.2671596,2.8798,2.269652,4.0152,3.120384
171,3.899,3.1192,3.829,3.0632,3.796,3.0368,2.92425,2.2567412,2.864092,2.25727208,3.9858,3.097536
172,3.878,3.1024,3.803,3.0424,3.763,3.0104,2.9085,2.2445864,2.844644,2.24194456,3.95115,3.070608
173,3.852,3.0816,3.773,3.0184,3.726,2.9808,2.889,2.2295376,2.822204,2.22425896,3.9123,3.040416
174,3.821,3.0568,3.738,2.9904,3.684,2.9472,2.86575,2.2115948,2.796024,2.20362576,3.8682,3.006144
175,3.787,3.0296,3.699,2.9592,3.638,2.9104,2.84025,2.1919156,2.766852,2.18063448,3.8199,2.968608
176,3.749,2.9992,3.656,2.9248,3.587,2.8696,2.81175,2.1699212,2.734688,2.15528512,3.76635,2.926992
177,3.706,2.9648,3.609,2.8872,3.532,2.8256,2.7795,2.1450328,2.699532,2.12757768,3.7086,2.882112
178,3.66,2.928,3.557,2.8456,3.473,2.7784,2.745,2.118408,2.660636,2.09692264,3.64665,2.833968
179,3.609,2.8872,3.501,2.8008,3.409,2.7272,2.70675,2.0888892,2.618748,2.06390952,3.57945,2.781744
180,3.554,2.8432,3.44,2.752,3.34,2.672,2.6655,2.0570552,2.57312,2.0279488,3.507,2.72544
179,3.496,2.7968,3.376,2.7008,3.268,2.6144,2.622,2.0234848,2.525248,1.99021952,3.4314,2.666688
178,3.433,2.7464,3.307,2.6456,3.19,2.552,2.57475,1.9870204,2.473636,1.94954264,3.3495,2.60304
177,3.366,2.6928,3.234,2.5872,3.109,2.4872,2.5245,1.9482408,2.419032,1.90650768,3.26445,2.536944
176,3.295,2.636,3.157,2.5256,3.023,2.4184,2.47125,1.907146,2.361436,1.86111464,3.17415,2.466768
175,3.22,2.576,3.075,2.46,2.932,2.3456,2.415,1.863736,2.3001,1.812774,3.0786,2.392512
174,3.141,2.5128,2.989,2.3912,2.837,2.2696,2.35575,1.8180108,2.235772,1.76207528,2.97885,2.314992
173,3.058,2.4464,2.899,2.3192,2.738,2.1904,2.2935,1.7699704,2.168452,1.70901848,2.8749,2.234208
172,2.971,2.3768,2.805,2.244,2.635,2.108,2.22825,1.7196148,2.09814,1.6536036,2.76675,2.15016
171,2.88,2.304,2.707,2.1656,2.527,2.0216,2.16,1.666944,2.024836,1.59583064,2.65335,2.062032
170,2.786,2.2288,2.604,2.0832,2.414,1.9312,2.0895,1.6125368,1.947792,1.53511008,2.5347,1.969824
169,2.687,2.1496,2.498,1.9984,2.297,1.8376,2.01525,1.5552356,1.868504,1.47262096,2.41185,1.874352
168,2.584,2.0672,2.387,1.9096,2.176,1.7408,1.938,1.4956192,1.785476,1.40718424,2.2848,1.775616
167,2.478,1.9824,2.272,1.8176,2.051,1.6408,1.8585,1.4342664,1.699456,1.33938944,2.15355,1.673616
166,2.367,1.8936,2.153,1.7224,1.921,1.5368,1.77525,1.3700196,1.610444,1.26923656,2.01705,1.567536
165,2.253,1.8024,2.029,1.6232,1.787,1.4296,1.68975,1.3040364,1.517692,1.19613608,1.87635,1.458192
164,2.135,1.708,1.902,1.5216,1.649,1.3192,1.60125,1.235738,1.422696,1.12126704,1.73145,1.345584
163,2.013,1.6104,1.771,1.4168,1.506,1.2048,1.50975,1.1651244,1.324708,1.04403992,1.5813,1.228896
162,1.887,1.5096,1.635,1.308,1.359,1.0872,1.41525,1.0921956,1.22298,0.9638652,1.42695,1.108944
161,1.758,1.4064,1.495,1.196,1.208,0.9664,1.3185,1.0175304,1.11826,0.8813324,1.2684,0.985728
160,1.624,1.2992,1.352,1.0816,1.052,0.8416,1.218,0.9399712,1.011296,0.79703104,1.1046,0.858432
159,1.487,1.1896,1.204,0.9632,0.8924,0.71392,1.11525,0.8606756,0.900592,0.70978208,0.93702,0.7281984
158,1.347,1.0776,1.052,0.8416,0.7283,0.58264,1.01025,0.7796436,0.786896,0.62017504,0.764715,0.5942928
157,1.202,0.9616,0.8965,0.7172,0.56,0.448,0.9015,0.6957176,0.670582,0.52850468,0.588,0.45696
156,1.054,0.8432,0.7368,0.58944,0.3875,0.31,0.7905,0.6100552,0.5511264,0.434358336,0.406875,0.3162
155,0.9024,0.72192,0.573,0.4584,0.2107,0.16856,0.6768,0.52230912,0.428604,0.33779496,0.221235,0.1719312
154,0.7471,0.59768,0.4053,0.32424,0.02974,0.023792,0.560325,0.43242148,0.3031644,0.238932456,0.031227,0.02426784
153,0.5882,0.47056,0.2337,0.18696,-0.1554,-0.12432,0.44115,0.34045016,0.1748076,0.137770824,-0.16317,-0.1268064
152,0.4258,0.34064,0.05812,0.046496,-0.3448,-0.27584,0.31935,0.24645304,0.04347376,0.034262902,-0.36204,-0.2813568
151,0.2599,0.20792,-0.1214,-0.09712,-0.5383,-0.43064,0.194925,0.15043012,-0.0908072,-0.071567728,-0.565215,-0.4392528
150,0.09042,0.072336,-0.3048,-0.24384,-0.736,-0.5888,0.067815,0.052335096,-0.2279904,-0.179685696,-0.7728,-0.600576
149,-0.08249,-0.065992,-0.492,-0.3936,-0.9378,-0.75024,-0.0618675,-0.047745212,-0.368016,-0.29004384,-0.98469,-0.7652448
148,-0.2588,-0.20704,-0.6831,-0.54648,-1.144,-0.9152,-0.1941,-0.14979344,-0.5109588,-0.402701112,-1.2012,-0.933504
147,-0.4386,-0.35088,-0.8781,-0.70248,-1.354,-1.0832,-0.32895,-0.25386168,-0.6568188,-0.517657512,-1.4217,-1.104864
146,-0.6217,-0.49736,-1.077,-0.8616,-1.568,-1.2544,-0.466275,-0.35983996,-0.805596,-0.63491304,-1.6464,-1.279488
145,-0.8081,-0.64648,-1.28,-1.024,-1.786,-1.4288,-0.606075,-0.46772828,-0.95744,-0.7545856,-1.8753,-1.457376
144,-0.9978,-0.79824,-1.486,-1.1888,-2.009,-1.6072,-0.74835,-0.57752664,-1.111528,-0.87602672,-2.10945,-1.639344
143,-1.191,-0.9528,-1.696,-1.3568,-2.236,-1.7888,-0.89325,-0.6893508,-1.268608,-0.99982592,-2.3478,-1.824576
142,-1.387,-1.1096,-1.91,-1.528,-2.466,-1.9728,-1.04025,-0.8027956,-1.42868,-1.1259832,-2.5893,-2.012256
141,-1.587,-1.2696,-2.128,-1.7024,-2.701,-2.1608,-1.19025,-0.9185556,-1.591744,-1.25449856,-2.83605,-2.204016
140,-1.789,-1.4312,-2.35,-1.88,-2.94,-2.352,-1.34175,-1.0354732,-1.7578,-1.385372,-3.087,-2.39904
139,-1.995,-1.596,-2.575,-2.06,-3.183,-2.5464,-1.49625,-1.154706,-1.9261,-1.518014,-3.34215,-2.597328
138,-2.204,-1.7632,-2.804,-2.2432,-3.431,-2.7448,-1.653,-1.2756752,-2.097392,-1.65301408,-3.60255,-2.799696
137,-2.416,-1.9328,-3.037,-2.4296,-3.682,-2.9456,-1.812,-1.3983808,-2.271676,-1.79037224,-3.8661,-3.004512
136,-2.631,-2.1048,-3.274,-2.6192,-3.938,-3.1504,-1.97325,-1.5228228,-2.448952,-1.93008848,-4.1349,-3.213408
135,-2.849,-2.2792,-3.514,-2.8112,-4.198,-3.3584,-2.13675,-1.6490012,-2.628472,-2.07157328,-4.4079,-3.425568
134,-3.069,-2.4552,-3.758,-3.0064,-4.462,-3.5696,-2.30175,-1.7763372,-2.810984,-2.21541616,-4.6851,-3.640992
133,-3.293,-2.6344,-4.006,-3.2048,-4.73,-3.784,-2.46975,-1.9059884,-2.996488,-2.36161712,-4.9665,-3.85968
132,-3.52,-2.816,-4.258,-3.4064,-5.003,-4.0024,-2.64,-2.037376,-3.184984,-2.51017616,-5.25315,-4.082448
131,-3.75,-3,-4.514,-3.6112,-5.28,-4.224,-2.8125,-2.1705,-3.376472,-2.66109328,-5.544,-4.30848
130,-3.983,-3.1864,-4.773,-3.8184,-5.562,-4.4496,-2.98725,-2.3053604,-3.570204,-2.81377896,-5.8401,-4.538592
129,-4.218,-3.3744,-5.037,-4.0296,-5.849,-4.6792,-3.1635,-2.4413784,-3.767676,-2.96941224,-6.14145,-4.772784
128,-4.456,-3.5648,-5.304,-4.2432,-6.14,-4.912,-3.342,-2.5791328,-3.967392,-3.12681408,-6.447,-5.01024
127,-4.697,-3.7576,-5.576,-4.4608,-6.436,-5.1488,-3.52275,-2.7186236,-4.170848,-3.28716352,-6.7578,-5.251776
126,-4.941,-3.9528,-5.851,-4.6808,-6.737,-5.3896,-3.70575,-2.8598508,-4.376548,-3.44928152,-7.07385,-5.497392
125,-5.188,-4.1504,-6.131,-4.9048,-7.043,-5.6344,-3.891,-3.0028144,-4.585988,-3.61434712,-7.39515,-5.747088
124,-5.438,-4.3504,-6.415,-5.132,-7.354,-5.8832,-4.0785,-3.1475144,-4.79842,-3.7817708,-7.7217,-6.000864
123,-5.69,-4.552,-6.703,-5.3624,-7.671,-6.1368,-4.2675,-3.293372,-5.013844,-3.95155256,-8.05455,-6.259536
122,-5.945,-4.756,-6.996,-5.5968,-7.993,-6.3944,-4.45875,-3.440966,-5.233008,-4.12428192,-8.39265,-6.522288
121,-6.203,-4.9624,-7.294,-5.8352,-8.322,-6.6576,-4.65225,-3.5902964,-5.455912,-4.29995888,-8.7381,-6.790752
120,-6.464,-5.1712,-7.596,-6.0768,-8.656,-6.9248,-4.848,-3.7413632,-5.681808,-4.47799392,-9.0888,-7.063296
119,-6.728,-5.3824,-7.903,-6.3224,-8.997,-7.1976,-5.046,-3.8941664,-5.911444,-4.65897656,-9.44685,-7.341552
118,-6.995,-5.596,-8.215,-6.572,-9.345,-7.476,-5.24625,-4.048706,-6.14482,-4.8429068,-9.81225,-7.62552
117,-7.264,-5.8112,-8.533,-6.8264,-9.7,-7.76,-5.448,-4.2044032,-6.382684,-5.03037416,-10.185,-7.9152
116,-7.537,-6.0296,-8.856,-7.0848,-10.06,-8.048,-5.65275,-4.3624156,-6.624288,-5.22078912,-10.563,-8.20896
115,-7.813,-6.2504,-9.185,-7.348,-10.43,-8.344,-5.85975,-4.5221644,-6.87038,-5.4147412,-10.9515,-8.51088
114,-8.092,-6.4736,-9.52,-7.616,-10.81,-8.648,-6.069,-4.6836496,-7.12096,-5.6122304,-11.3505,-8.82096
113,-8.374,-6.6992,-9.861,-7.8888,-11.2,-8.96,-6.2805,-4.8468712,-7.376028,-5.81325672,-11.76,-9.1392
112,-8.659,-6.9272,-10.21,-8.168,-11.6,-9.28,-6.49425,-5.0118292,-7.63708,-6.0189992,-12.18,-9.4656
111,-8.948,-7.1584,-10.56,-8.448,-12.01,-9.608,-6.711,-5.1791024,-7.89888,-6.2253312,-12.6105,-9.80016
110,-9.24,-7.392,-10.93,-8.744,-12.43,-9.944,-6.93,-5.348112,-8.17564,-6.4434536,-13.0515,-10.14288
109,-9.536,-7.6288,-11.3,-9.04,-12.87,-10.296,-7.152,-5.5194368,-8.4524,-6.661576,-13.5135,-10.50192
108,-9.836,-7.8688,-11.68,-9.344,-13.31,-10.648,-7.377,-5.6930768,-8.73664,-6.8855936,-13.9755,-10.86096
107,-10.14,-8.112,-12.07,-9.656,-13.78,-11.024,-7.605,-5.869032,-9.02836,-7.1155064,-14.469,-11.24448
106,-10.45,-8.36,-12.46,-9.968,-14.25,-11.4,-7.8375,-6.04846,-9.32008,-7.3454192,-14.9625,-11.628
105,-10.76,-8.608,-12.87,-10.296,-14.75,-11.8,-8.07,-6.227888,-9.62676,-7.5871224,-15.4875,-12.036
104,-11.07,-8.856,-13.29,-10.632,-15.27,-12.216,-8.3025,-6.407316,-9.94092,-7.8347208,-16.0335,-12.46032
103,-11.4,-9.12,-13.73,-10.984,-15.8,-12.64,-8.55,-6.59832,-10.27004,-8.0941096,-16.59,-12.8928
102,-11.72,-9.376,-14.17,-11.336,-16.36,-13.088,-8.79,-6.783536,-10.59916,-8.3534984,-17.178,-13.34976
101,-12.05,-9.64,-14.63,-11.704,-16.95,-13.56,-9.0375,-6.97454,-10.94324,-8.6246776,-17.7975,-13.8312
100,-12.39,-9.912,-15.1,-12.08,-17.56,-14.048,-9.2925,-7.171332,-11.2948,-8.901752,-18.438,-14.32896
99,-12.73,-10.184,-15.59,-12.472,-18.21,-14.568,-9.5475,-7.368124,-11.66132,-9.1906168,-19.1205,-14.85936
98,-13.07,-10.456,-16.09,-12.872,-18.89,-15.112,-9.8025,-7.564916,-12.03532,-9.4853768,-19.8345,-15.41424
97,-13.42,-10.736,-16.61,-13.288,-19.6,-15.68,-10.065,-7.767496,-12.42428,-9.7919272,-20.58,-15.9936
96,-13.78,-11.024,-17.15,-13.72,-20.36,-16.288,-10.335,-7.975864,-12.8282,-10.110268,-21.378,-16.61376
95,-14.14,-11.312,-17.7,-14.16,-21.15,-16.92,-10.605,-8.184232,-13.2396,-10.434504,-22.2075,-17.2584
94,-14.51,-11.608,-18.27,-14.616,-21.98,-17.584,-10.8825,-8.398388,-13.66596,-10.7705304,-23.079,-17.93568
93,-14.88,-11.904,-18.86,-15.088,-22.85,-18.28,-11.16,-8.612544,-14.10728,-11.1183472,-23.9925,-18.6456
92,-15.26,-12.208,-19.46,-15.568,-23.72,-18.976,-11.445,-8.832488,-14.55608,-11.4720592,-24.906,-19.35552
91,-15.64,-12.512,-20.06,-16.048,-24.58,-19.664,-11.73,-9.052432,-15.00488,-11.8257712,-25.809,-20.05728
90,-16.02,-12.816,-20.66,-16.528,-25.37,-20.296,-12.015,-9.272376,-15.45368,-12.1794832,-26.6385,-20.70192
89,-16.41,-13.128,-21.25,-17,-26.01,-20.808,-12.3075,-9.498108,-15.895,-12.5273,-27.3105,-21.22416
88,-16.79,-13.432,-21.79,-17.432,-26.41,-21.128,-12.5925,-9.718052,-16.29892,-12.8456408,-27.7305,-21.55056
87,-17.17,-13.736,-22.28,-17.824,-26.49,-21.192,-12.8775,-9.937996,-16.66544,-13.1345056,-27.8145,-21.61584
86,-17.55,-14.04,-22.68,-18.144,-26.25,-21,-13.1625,-10.15794,-16.96464,-13.3703136,-27.5625,-21.42
85,-17.91,-14.328,-22.96,-18.368,-25.72,-20.576,-13.4325,-10.366308,-17.17408,-13.5353792,-27.006,-20.98752
84,-18.26,-14.608,-23.1,-18.48,-25,-20,-13.695,-10.568888,-17.2788,-13.617912,-26.25,-20.4
83,-18.58,-14.864,-23.07,-18.456,-24.17,-19.336,-13.935,-10.754104,-17.25636,-13.6002264,-25.3785,-19.72272
82,-18.88,-15.104,-22.89,-18.312,-23.31,-18.648,-14.16,-10.927744,-17.12172,-13.4941128,-24.4755,-19.02096
81,-19.13,-15.304,-22.56,-18.048,-22.45,-17.96,-14.3475,-11.072444,-16.87488,-13.2995712,-23.5725,-18.3192
80,-19.34,-15.472,-22.12,-17.696,-21.61,-17.288,-14.505,-11.193992,-16.54576,-13.0401824,-22.6905,-17.63376
79,-19.49,-15.592,-21.6,-17.28,-20.81,-16.648,-14.6175,-11.280812,-16.1568,-12.733632,-21.8505,-16.98096
78,-19.58,-15.664,-21.02,-16.816,-20.05,-16.04,-14.685,-11.332904,-15.72296,-12.3917104,-21.0525,-16.3608
77,-19.6,-15.68,-20.41,-16.328,-19.32,-15.456,-14.7,-11.34448,-15.26668,-12.0321032,-20.286,-15.76512
76,-19.55,-15.64,-19.79,-15.832,-18.64,-14.912,-14.6625,-11.31554,-14.80292,-11.6666008,-19.572,-15.21024
75,-19.43,-15.544,-19.17,-15.336,-17.98,-14.384,-14.5725,-11.246084,-14.33916,-11.3010984,-18.879,-14.67168
74,-19.25,-15.4,-18.56,-14.848,-17.36,-13.888,-14.4375,-11.1419,-13.88288,-10.9414912,-18.228,-14.16576
73,-19,-15.2,-17.96,-14.368,-16.77,-13.416,-14.25,-10.9972,-13.43408,-10.5877792,-17.6085,-13.68432
72,-18.7,-14.96,-17.37,-13.896,-16.21,-12.968,-14.025,-10.82356,-12.99276,-10.2399624,-17.0205,-13.22736
71,-18.36,-14.688,-16.8,-13.44,-15.67,-12.536,-13.77,-10.626768,-12.5664,-9.903936,-16.4535,-12.78672
70,-17.98,-14.384,-16.25,-13,-15.15,-12.12,-13.485,-10.406824,-12.155,-9.5797,-15.9075,-12.3624
69,-17.58,-14.064,-15.71,-12.568,-14.65,-11.72,-13.185,-10.175304,-11.75108,-9.2613592,-15.3825,-11.9544
68,-17.15,-13.72,-15.2,-12.16,-14.17,-11.336,-12.8625,-9.92642,-11.3696,-8.960704,-14.8785,-11.56272
67,-16.71,-13.368,-14.69,-11.752,-13.71,-10.968,-12.5325,-9.671748,-10.98812,-8.6600488,-14.3955,-11.18736
66,-16.27,-13.016,-14.21,-11.368,-13.26,-10.608,-12.2025,-9.417076,-10.62908,-8.3770792,-13.923,-10.82016
65,-15.81,-12.648,-13.74,-10.992,-12.83,-10.264,-11.8575,-9.150828,-10.27752,-8.1000048,-13.4715,-10.46928
64,-15.36,-12.288,-13.28,-10.624,-12.4,-9.92,-11.52,-8.890368,-9.93344,-7.8288256,-13.02,-10.1184
63,-14.91,-11.928,-12.83,-10.264,-11.99,-9.592,-11.1825,-8.629908,-9.59684,-7.5635416,-12.5895,-9.78384
62,-14.46,-11.568,-12.4,-9.92,-11.59,-9.272,-10.845,-8.369448,-9.2752,-7.310048,-12.1695,-9.45744
61,-14.01,-11.208,-11.98,-9.584,-11.2,-8.96,-10.5075,-8.108988,-8.96104,-7.0624496,-11.76,-9.1392
60,-13.57,-10.856,-11.56,-9.248,-10.82,-8.656,-10.1775,-7.854316,-8.64688,-6.8148512,-11.361,-8.82912
59,-13.14,-10.512,-11.16,-8.928,-10.45,-8.36,-9.855,-7.605432,-8.34768,-6.5790432,-10.9725,-8.5272
58,-12.71,-10.168,-10.77,-8.616,-10.09,-8.072,-9.5325,-7.356548,-8.05596,-6.3491304,-10.5945,-8.23344
57,-12.3,-9.84,-10.39,-8.312,-9.731,-7.7848,-9.225,-7.11924,-7.77172,-6.1251128,-10.21755,-7.940496
56,-11.88,-9.504,-10.01,-8.008,-9.382,-7.5056,-8.91,-6.876144,-7.48748,-5.9010952,-9.8511,-7.655712
55,-11.48,-9.184,-9.646,-7.7168,-9.039,-7.2312,-8.61,-6.644624,-7.215208,-5.68650992,-9.49095,-7.375824
54,-11.08,-8.864,-9.287,-7.4296,-8.703,-6.9624,-8.31,-6.413104,-6.946676,-5.47487224,-9.13815,-7.101648
53,-10.69,-8.552,-8.935,-7.148,-8.373,-6.6984,-8.0175,-6.187372,-6.68338,-5.2673612,-8.79165,-6.832368
52,-10.31,-8.248,-8.59,-6.872,-8.048,-6.4384,-7.7325,-5.967428,-6.42532,-5.0639768,-8.4504,-6.567168
51,-9.936,-7.9488,-8.252,-6.6016,-7.73,-6.184,-7.452,-5.7509568,-6.172496,-4.86471904,-8.1165,-6.30768
50,-9.568,-7.6544,-7.92,-6.336,-7.416,-5.9328,-7.176,-5.5379584,-5.92416,-4.6689984,-7.7868,-6.051456
49,-9.207,-7.3656,-7.595,-6.076,-7.108,-5.6864,-6.90525,-5.3290116,-5.68106,-4.4774044,-7.4634,-5.800128
48,-8.852,-7.0816,-7.276,-5.8208,-6.805,-5.444,-6.639,-5.1235376,-5.442448,-4.28934752,-7.14525,-5.55288
47,-8.505,-6.804,-6.962,-5.5696,-6.506,-5.2048,-6.37875,-4.922694,-5.207576,-4.10423824,-6.8313,-5.308896
46,-8.164,-6.5312,-6.654,-5.3232,-6.213,-4.9704,-6.123,-4.7253232,-4.977192,-3.92266608,-6.52365,-5.069808
45,-7.829,-6.2632,-6.352,-5.0816,-5.924,-4.7392,-5.87175,-4.5314252,-4.751296,-3.74463104,-6.2202,-4.833984
44,-7.5,-6,-6.055,-4.844,-5.64,-4.512,-5.625,-4.341,-4.52914,-3.5695436,-5.922,-4.60224
43,-7.178,-5.7424,-5.763,-4.6104,-5.36,-4.288,-5.3835,-4.1546264,-4.310724,-3.39740376,-5.628,-4.37376
42,-6.862,-5.4896,-5.477,-4.3816,-5.084,-4.0672,-5.1465,-3.9717256,-4.096796,-3.22880104,-5.3382,-4.148544
41,-6.552,-5.2416,-5.196,-4.1568,-4.813,-3.8504,-4.914,-3.7922976,-3.886608,-3.06314592,-5.05365,-3.927408
40,-6.248,-4.9984,-4.919,-3.9352,-4.547,-3.6376,-4.686,-3.6163424,-3.679412,-2.89984888,-4.77435,-3.710352
39,-5.949,-4.7592,-4.648,-3.7184,-4.284,-3.4272,-4.46175,-3.4432812,-3.476704,-2.74008896,-4.4982,-3.495744
38,-5.657,-4.5256,-4.382,-3.5056,-4.026,-3.2208,-4.24275,-3.2742716,-3.277736,-2.58327664,-4.2273,-3.285216
37,-5.369,-4.2952,-4.12,-3.296,-3.772,-3.0176,-4.02675,-3.1075772,-3.08176,-2.4288224,-3.9606,-3.077952
36,-5.088,-4.0704,-3.863,-3.0904,-3.523,-2.8184,-3.816,-2.9449344,-2.889524,-2.27731576,-3.69915,-2.874768
35,-4.812,-3.8496,-3.611,-2.8888,-3.278,-2.6224,-3.609,-2.7851856,-2.701028,-2.12875672,-3.4419,-2.674848
34,-4.542,-3.6336,-3.364,-2.6912,-3.036,-2.4288,-3.4065,-2.6289096,-2.516272,-1.98314528,-3.1878,-2.477376
33,-4.277,-3.4216,-3.122,-2.4976,-2.8,-2.24,-3.20775,-2.4755276,-2.335256,-1.84048144,-2.94,-2.2848
32,-4.017,-3.2136,-2.884,-2.3072,-2.567,-2.0536,-3.01275,-2.3250396,-2.157232,-1.70017568,-2.69535,-2.094672
31,-3.763,-3.0104,-2.651,-2.1208,-2.339,-1.8712,-2.82225,-2.1780244,-1.982948,-1.56281752,-2.45595,-1.908624
30,-3.514,-2.8112,-2.422,-1.9376,-2.115,-1.692,-2.6355,-2.0339032,-1.811656,-1.42781744,-2.22075,-1.72584
29,-3.27,-2.616,-2.198,-1.7584,-1.895,-1.516,-2.4525,-1.892676,-1.644104,-1.29576496,-1.98975,-1.54632
28,-3.032,-2.4256,-1.979,-1.5832,-1.679,-1.3432,-2.274,-1.7549216,-1.480292,-1.16666008,-1.76295,-1.370064
27,-2.798,-2.2384,-1.764,-1.4112,-1.468,-1.1744,-2.0985,-1.6194824,-1.319472,-1.03991328,-1.5414,-1.197888
26,-2.57,-2.056,-1.554,-1.2432,-1.261,-1.0088,-1.9275,-1.487516,-1.162392,-0.91611408,-1.32405,-1.028976
25,-2.347,-1.8776,-1.349,-1.0792,-1.058,-0.8464,-1.76025,-1.3584436,-1.009052,-0.79526248,-1.1109,-0.863328
24,-2.129,-1.7032,-1.148,-0.9184,-0.8599,-0.68792,-1.59675,-1.2322652,-0.858704,-0.67676896,-0.902895,-0.7016784
23,-1.916,-1.5328,-0.9515,-0.7612,-0.6658,-0.53264,-1.437,-1.1089808,-0.711722,-0.56092828,-0.69909,-0.5432928
22,-1.709,-1.3672,-0.7598,-0.60784,-0.4761,-0.38088,-1.28175,-0.9891692,-0.5683304,-0.447917296,-0.499905,-0.3884976
21,-1.506,-1.2048,-0.5727,-0.45816,-0.2908,-0.23264,-1.1295,-0.8716728,-0.4283796,-0.337618104,-0.30534,-0.2372928
20,-1.308,-1.0464,-0.3901,-0.31208,-0.1099,-0.08792,-0.981,-0.7570704,-0.2917948,-0.229971752,-0.115395,-0.0896784
19,-1.115,-0.892,-0.2122,-0.16976,0.06667,0.053336,-0.83625,-0.645362,-0.1587256,-0.125096144,0.0700035,0.05440272
18,-0.9274,-0.74192,-0.03879,-0.031032,0.2388,0.19104,-0.69555,-0.53677912,-0.02901492,-0.022867481,0.25074,0.1948608
17,-0.7445,-0.5956,0.13,0.104,0.4065,0.3252,-0.558375,-0.4309166,0.09724,0.0766376,0.426825,0.331704
16,-0.5666,-0.45328,0.2942,0.23536,0.5698,0.45584,-0.42495,-0.32794808,0.2200616,0.173436784,0.59829,0.4649568
15,-0.3937,-0.31496,0.4538,0.36304,0.7287,0.58296,-0.295275,-0.22787356,0.3394424,0.267524176,0.765135,0.5946192
14,-0.2256,-0.18048,0.6088,0.48704,0.883,0.7064,-0.1692,-0.13057728,0.4553824,0.358899776,0.92715,0.720528
13,-0.06251,-0.050008,0.7593,0.60744,1.033,0.8264,-0.0468825,-0.036180788,0.5679564,0.447622536,1.08465,0.842928
12,0.09573,0.076584,0.9051,0.72408,1.178,0.9424,0.0717975,0.055408524,0.6770148,0.533574552,1.2369,0.961248
11,0.2491,0.19928,1.046,0.8368,1.319,1.0552,0.186825,0.14417908,0.782408,0.61663792,1.38495,1.076304
10,0.3975,0.318,1.183,0.9464,1.456,1.1648,0.298125,0.230073,0.884884,0.69740216,1.5288,1.188096
9,0.5412,0.43296,1.315,1.052,1.588,1.2704,0.4059,0.31324656,0.98362,0.7752188,1.6674,1.295808
8,0.6799,0.54392,1.442,1.1536,1.715,1.372,0.509925,0.39352612,1.078616,0.85008784,1.80075,1.39944
7,0.8138,0.65104,1.565,1.252,1.838,1.4704,0.61035,0.47102744,1.17062,0.9225988,1.9299,1.499808
6,0.9429,0.75432,1.683,1.3464,1.956,1.5648,0.707175,0.54575052,1.258884,0.99216216,2.0538,1.596096
5,1.067,0.8536,1.797,1.4376,2.07,1.656,0.80025,0.6175796,1.344156,1.05936744,2.1735,1.68912
4,1.187,0.9496,1.906,1.5248,2.179,1.7432,0.89025,0.6870356,1.425688,1.12362512,2.28795,1.778064
3,1.301,1.0408,2.01,1.608,2.284,1.8272,0.97575,0.7530188,1.50348,1.1849352,2.3982,1.863744
2,1.411,1.1288,2.11,1.688,2.384,1.9072,1.05825,0.8166868,1.57828,1.2438872,2.5032,1.945344
1,1.516,1.2128,2.205,1.764,2.479,1.9832,1.137,0.8774608,1.64934,1.2998916,2.60295,2.022864
