Column1,Column2,Column3,Column4,Column5,Column6
                 Frequency                     ,S11_It0,S11_It1,S11_It2,S11_It3,S11_It4
1,-0.028545922,-0.13329021,-0.3617214,-0.31978002,-0.38812211
1.0039999,-0.02355127,-0.14126028,-0.36505306,-0.3214553,-0.38649823
1.008,-0.019030833,-0.14813861,-0.36830248,-0.32373271,-0.38124752
1.012,-0.015011439,-0.1537972,-0.37149258,-0.32728278,-0.37455371
1.016,-0.011514547,-0.15813021,-0.37464667,-0.33251957,-0.36882752
1.02,-0.008558218,-0.16106348,-0.37778932,-0.33952062,-0.36628448
1.024,-0.006154696,-0.1625503,-0.38094535,-0.34801415,-0.36856782
1.028,-0.004315091,-0.16257417,-0.38413914,-0.35744261,-0.3764902
1.0319999,-0.003041322,-0.16114975,-0.3873956,-0.36707795,-0.38991078
1.036,-0.002335589,-0.15832021,-0.39074016,-0.37618283,-0.40777551
1.04,-0.002192138,-0.15415815,-0.39419736,-0.38416367,-0.42829687
1.044,-0.002602354,-0.14876214,-0.39779204,-0.39069599,-0.44926879
1.048,-0.003554508,-0.14225418,-0.40154776,-0.39579263,-0.46844535
1.052,-0.005031205,-0.13477817,-0.40548833,-0.39979607,-0.48394062
1.056,-0.00701162,-0.1264941,-0.40963665,-0.40330174,-0.49456726
1.0599999,-0.009473163,-0.11757669,-0.41401355,-0.40702907,-0.50004937
1.064,-0.012387975,-0.10821033,-0.41864091,-0.41166763,-0.50106211
1.068,-0.015725705,-0.098585104,-0.42353809,-0.41773233,-0.4990941
1.072,-0.019452449,-0.088893719,-0.42872365,-0.42545919,-0.49616382
1.076,-0.023533422,-0.079326042,-0.43421414,-0.43476021,-0.49445324
1.08,-0.027929591,-0.070067189,-0.44002674,-0.44524453,-0.4959219
1.084,-0.032602368,-0.061292523,-0.44617466,-0.45630629,-0.50198022
1.0880001,-0.03750908,-0.05316628,-0.45267176,-0.46725077,-0.5132639
1.092,-0.042606639,-0.045836686,-0.45952919,-0.47744693,-0.52954196
1.096,-0.047851472,-0.039433638,-0.46675669,-0.48645797,-0.54976652
1.1,-0.053199427,-0.034071208,-0.47436424,-0.49413598,-0.57225203
1.104,-0.058604643,-0.029839944,-0.48235733,-0.50064925,-0.59497209
1.108,-0.064023038,-0.026806084,-0.49074202,-0.50644576,-0.61590734
1.112,-0.069410487,-0.025015091,-0.49952231,-0.51215368,-0.63340368
1.1160001,-0.074722331,-0.024488183,-0.50869981,-0.51844811,-0.64647197
1.12,-0.079917576,-0.025222135,-0.51827585,-0.52590708,-0.65496127
1.124,-0.084954733,-0.027192029,-0.52825061,-0.53489431,-0.6595796
1.128,-0.089795588,-0.030346072,-0.53862123,-0.54548353,-0.6617528
1.132,-0.094400735,-0.034614155,-0.54938451,-0.55744981,-0.66335706
1.136,-0.098737927,-0.039903609,-0.56053622,-0.57031524,-0.66638279
1.14,-0.10277413,-0.046104457,-0.57207079,-0.58345817,-0.67258518
1.1440001,-0.10648039,-0.053089415,-0.58398148,-0.59623968,-0.6831933
1.148,-0.1098308,-0.060716654,-0.59625918,-0.60814186,-0.69871186
1.152,-0.11280137,-0.068833709,-0.6088978,-0.61887857,-0.71885
1.156,-0.1153751,-0.077276846,-0.62188511,-0.62845526,-0.74257869
1.16,-0.11753481,-0.085879564,-0.63521139,-0.63716355,-0.76830615
1.164,-0.11926929,-0.094471249,-0.64886674,-0.64552073,-0.79415576
1.168,-0.12057019,-0.1028818,-0.662838,-0.65415701,-0.81829135
1.1720001,-0.12143176,-0.11094747,-0.67711512,-0.66367892,-0.8392397
1.176,-0.12185611,-0.11850978,-0.69168416,-0.67454851,-0.85616071
1.1799999,-0.1218431,-0.1254213,-0.70653373,-0.68698466,-0.8689903
1.184,-0.12140102,-0.13155079,-0.72165042,-0.70092401,-0.87845053
1.188,-0.12053893,-0.13677954,-0.73702315,-0.71603149,-0.88590845
1.192,-0.11927203,-0.14101099,-0.75263836,-0.7317793,-0.89312449
1.196,-0.11761577,-0.14416874,-0.76848378,-0.74755763,-0.90193772
1.2,-0.11558931,-0.14619866,-0.78454873,-0.76280137,-0.9139482
1.204,-0.11321598,-0.14707066,-0.80082098,-0.77711585,-0.93025176
1.2079999,-0.11052104,-0.14677697,-0.81729061,-0.79035575,-0.95126494
1.212,-0.10753187,-0.14533648,-0.83394726,-0.80266062,-0.976662
1.216,-0.1042767,-0.14279008,-0.85078167,-0.81441832,-1.0054409
1.22,-0.10078709,-0.13920084,-0.86778651,-0.82618519,-1.0360917
1.224,-0.097095924,-0.13465293,-0.88495196,-0.83856759,-1.0668593
1.228,-0.093235946,-0.12924889,-0.9022737,-0.85209445,-1.0960439
1.232,-0.089243054,-0.12310829,-0.91974545,-0.86710733,-1.1223106
1.2359999,-0.085151313,-0.11636309,-0.93736271,-0.88369258,-1.1449189
1.24,-0.080995663,-0.10915721,-0.95512288,-0.90166721,-1.1638601
1.244,-0.076812317,-0.10164014,-0.97302459,-0.92061642,-1.1798577
1.248,-0.072634459,-0.093968213,-0.99106547,-0.93998712,-1.1942245
1.252,-0.068497439,-0.086296667,-1.0092486,-0.95920102,-1.2086301
1.256,-0.064435098,-0.078778308,-1.0275745,-0.97778155,-1.2248016
1.26,-0.060478268,-0.071564775,-1.0460462,-0.9954546,-1.2442294
1.2640001,-0.056659053,-0.064795464,-1.0646689,-1.0122056,-1.267921
1.268,-0.053005417,-0.058601069,-1.0834477,-1.0282846,-1.2962365
1.272,-0.049544994,-0.053100837,-1.1023913,-1.04415,-1.3288401
1.276,-0.046303823,-0.048397564,-1.1215077,-1.0603747,-1.3647568
1.28,-0.043305227,-0.044578407,-1.1408061,-1.0775214,-1.4025431
1.284,-0.040569634,-0.041713171,-1.1602962,-1.0960301,-1.4405319
1.288,-0.038116375,-0.039851744,-1.1799923,-1.1161256,-1.4771232
1.2920001,-0.035960827,-0.039025229,-1.1999067,-1.1377757,-1.5110678
1.296,-0.034117776,-0.039244031,-1.2200517,-1.1606955,-1.5416897
1.3,-0.032597023,-0.040500894,-1.2404446,-1.1844168,-1.5690116
1.304,-0.031406741,-0.042764541,-1.2611004,-1.2083794,-1.5937451
1.308,-0.030553038,-0.04598938,-1.2820351,-1.2320595,-1.6171656
1.312,-0.030038746,-0.050109317,-1.3032679,-1.2550729,-1.6408808
1.316,-0.029863472,-0.055040737,-1.3248157,-1.2772652,-1.6665487
1.3200001,-0.030025073,-0.060687978,-1.3466975,-1.2987401,-1.6955978
1.324,-0.03051866,-0.066937555,-1.3689323,-1.3198407,-1.7289878
1.3279999,-0.031336177,-0.073668605,-1.3915403,-1.3410744,-1.7670568
1.332,-0.032467359,-0.080749096,-1.4145394,-1.3630083,-1.8094725
1.336,-0.033900064,-0.088041125,-1.4379514,-1.38615,-1.8552886
1.34,-0.035619364,-0.095403932,-1.4617959,-1.410845,-1.9031054
1.344,-0.037609856,-0.10269372,-1.4860931,-1.4372023,-1.9513088
1.348,-0.039850754,-0.10976983,-1.5108645,-1.4650813,-1.9983494
1.352,-0.042323287,-0.11649632,-1.5361286,-1.4941149,-2.043018
1.3559999,-0.045005908,-0.12274459,-1.5619052,-1.5237935,-2.0846624
1.36,-0.047873878,-0.12839476,-1.5882152,-1.5535753,-2.123308
1.364,-0.050902308,-0.13334175,-1.6150762,-1.5829943,-2.1596546
1.368,-0.054067419,-0.13749249,-1.642509,-1.6117701,-2.1949524
1.372,-0.057341914,-0.14077434,-1.6705301,-1.6398642,-2.2307815
1.376,-0.060698826,-0.14312816,-1.6991585,-1.6674881,-2.2687753
1.38,-0.064110744,-0.14451792,-1.7284118,-1.6950634,-2.3103478
1.3839999,-0.067550382,-0.14492614,-1.7583052,-1.7231322,-2.356457
1.388,-0.070990883,-0.14435535,-1.788856,-1.7522422,-2.4074525
1.392,-0.074404115,-0.14282896,-1.8200781,-1.7828377,-2.4630166
1.396,-0.077763439,-0.14039049,-1.8519878,-1.8151627,-2.522227
1.4,-0.081044876,-0.13709996,-1.8845967,-1.8492174,-2.5837024
1.404,-0.084221843,-0.1330364,-1.9179188,-1.884756,-2.6458395
1.408,-0.087271222,-0.12829327,-1.9519653,-1.9213421,-2.7070913
1.4119999,-0.090171054,-0.12297645,-1.9867485,-1.9584396,-2.766239
1.416,-0.092898855,-0.11720427,-2.0222785,-1.9955286,-2.8226125
1.42,-0.095435434,-0.11110198,-2.0585632,-2.0322152,-2.8762194
1.424,-0.09776561,-0.10479909,-2.0956122,-2.0683226,-2.9277462
1.428,-0.099871223,-0.098431312,-2.1334343,-2.1039221,-2.9784421
1.432,-0.10173973,-0.092131802,-2.1720343,-2.1393291,-3.0299001
1.436,-0.10335988,-0.086031023,-2.2114192,-2.1750342,-3.0837833
1.4400001,-0.10472224,-0.080256521,-2.2515944,-2.2116008,-3.1415463
1.444,-0.10581954,-0.07492702,-2.2925639,-2.2495505,-3.2041909
1.448,-0.10664704,-0.070151136,-2.3343315,-2.2892552,-3.2721087
1.452,-0.10720347,-0.066025965,-2.3768997,-2.3308623,-3.345012
1.456,-0.10748682,-0.062636399,-2.4202712,-2.3742616,-3.4219856
1.46,-0.10750192,-0.060051884,-2.4644485,-2.4191121,-3.5016298
1.464,-0.10725063,-0.058325767,-2.5094305,-2.4649165,-3.5822998
1.4680001,-0.10674111,-0.057495216,-2.5552193,-2.5111211,-3.6623871
1.472,-0.10598122,-0.057578703,-2.6018141,-2.5572398,-3.7406023
1.476,-0.10498201,-0.058578184,-2.6492141,-2.6029553,-3.8162118
1.48,-0.10375642,-0.060478717,-2.6974194,-2.6481921,-3.8891832
1.484,-0.10231944,-0.063247509,-2.7464281,-2.6931362,-3.9601946
1.488,-0.10068482,-0.066833492,-2.7962379,-2.7381961,-4.0305279
1.492,-0.09887149,-0.071173071,-2.8468482,-2.7839231,-4.1018471
1.4960001,-0.096898524,-0.076186672,-2.8982569,-2.8308924,-4.1759152
1.5,-0.094784835,-0.081782329,-2.9504617,-2.8795895,-4.2542991
1.5039999,-0.09255064,-0.087856422,-3.00346,-2.9303074,-4.3381096
1.508,-0.090218008,-0.094296231,-3.0572508,-2.9830858,-4.4278183
1.512,-0.087810036,-0.10098335,-3.1118318,-3.0377038,-4.5231821
1.516,-0.085346726,-0.10779183,-3.1672013,-3.0937287,-4.6232697
1.52,-0.082851948,-0.11459689,-3.2233583,-3.1506006,-4.72662
1.524,-0.080348603,-0.12127099,-3.2802999,-3.2077602,-4.8314707
1.528,-0.07785779,-0.12769108,-3.3380265,-3.2647579,-4.936068
1.5319999,-0.075403151,-0.13373776,-3.3965385,-3.321365,-5.0389745
1.536,-0.073004129,-0.13930196,-3.4558331,-3.3776158,-5.1393316
1.54,-0.070683217,-0.14428148,-3.5159134,-3.4338111,-5.2370364
1.544,-0.068459424,-0.14858838,-3.5767786,-3.4904582,-5.3327737
1.548,-0.066351634,-0.1521479,-3.6384324,-3.5481621,-5.427908
1.552,-0.064377572,-0.15490145,-3.7008756,-3.6075047,-5.5242584
1.556,-0.062553999,-0.15680555,-3.7641115,-3.6689264,-5.6237925
1.5599999,-0.060896042,-0.15783665,-3.828144,-3.7326293,-5.7282912
1.564,-0.05941649,-0.15798804,-3.8929768,-3.7985368,-5.8390645
1.568,-0.058128135,-0.15727132,-3.9586176,-3.8663079,-5.9567261
1.572,-0.0570412,-0.15571635,-4.0250704,-3.9354126,-6.0810908
1.576,-0.056163528,-0.15337116,-4.0923419,-4.0052347,-6.2111945
1.58,-0.055504398,-0.15029779,-4.1604429,-4.0752086,-6.3454372
1.584,-0.055065777,-0.14657425,-4.2293789,-4.1449421,-6.4818412
1.5880001,-0.054853123,-0.14229282,-4.2991599,-4.2143002,-6.618385
1.592,-0.054868152,-0.13755443,-4.3697979,-4.2834467,-6.7533659
1.596,-0.055109507,-0.13246991,-4.4413039,-4.3528075,-6.8857158
1.6,-0.055576157,-0.12715726,-4.5136888,-4.42299,-7.015224
1.604,-0.056263403,-0.1217374,-4.5869663,-4.4946548,-7.1426048
1.608,-0.057165939,-0.11633449,-4.6611495,-4.5683807,-7.2693953
1.612,-0.058276931,-0.11106815,-4.7362545,-4.6445408,-7.3977077
1.6160001,-0.059587681,-0.10605986,-4.8122957,-4.7232251,-7.5298795
1.62,-0.06108884,-0.10142053,-4.8892883,-4.804218,-7.6680847
1.624,-0.062767262,-0.097257883,-4.9672497,-4.887041,-7.8139785
1.628,-0.064611178,-0.093665845,-5.0461976,-4.9710503,-7.9684234
1.632,-0.066606367,-0.090730002,-5.1261494,-5.0555715,-8.1313374
1.636,-0.068737857,-0.088521324,-5.2071237,-5.1400453,-8.3016879
1.64,-0.070989383,-0.087097782,-5.2891373,-5.224148,-8.4776382
1.6440001,-0.073344438,-0.086501552,-5.3722112,-5.3078756,-8.6568319
1.648,-0.075784719,-0.086758291,-5.4563656,-5.3915403,-8.8367884
1.652,-0.07829346,-0.087878278,-5.5416188,-5.4757212,-9.0153492
1.656,-0.080851754,-0.089855241,-5.6279902,-5.5611373,-9.1910912
1.66,-0.083440467,-0.092665958,-5.7155016,-5.648504,-9.3636412
1.664,-0.08604083,-0.096272416,-5.8041723,-5.7383779,-9.5337909
1.668,-0.088635617,-0.10062009,-5.8940208,-5.8310383,-9.7034158
1.6720001,-0.091204986,-0.10564117,-5.9850692,-5.9264247,-9.8751818
1.676,-0.093732287,-0.1112549,-6.0773348,-6.0241424,-10.052117
1.6799999,-0.096199066,-0.11736832,-6.1708381,-6.1235394,-10.237123
1.684,-0.098589327,-0.12387934,-6.2655979,-6.2238398,-10.432503
1.688,-0.10088595,-0.13067845,-6.3616319,-6.3243062,-10.639592
1.692,-0.10307458,-0.13764863,-6.4589576,-6.4244045,-10.858527
1.696,-0.10514128,-0.14467222,-6.5575924,-6.5239214,-11.088191
1.7,-0.10707243,-0.1516273,-6.6575529,-6.6230199,-11.326355
1.704,-0.1088571,-0.15839571,-6.7588538,-6.7222136,-11.570006
1.7079999,-0.11048443,-0.16486104,-6.8615092,-6.8222649,-11.815848
1.712,-0.11194581,-0.17091479,-6.9655322,-6.924021,-12.0609
1.716,-0.11323333,-0.17645487,-7.0709358,-7.0282393,-12.303103
1.72,-0.11434179,-0.18139142,-7.1777301,-7.1354183,-12.541801
1.724,-0.11526575,-0.18564644,-7.2859251,-7.2456857,-12.777987
1.728,-0.11600363,-0.18915555,-7.3955264,-7.3587626,-13.01425
1.732,-0.11655389,-0.19186971,-7.5065436,-7.4740067,-13.254411
1.7359999,-0.11691639,-0.19375769,-7.6189785,-7.5905406,-13.502947
1.74,-0.117093,-0.19480474,-7.7328356,-7.707432,-13.764309
1.744,-0.11708856,-0.1950139,-7.8481147,-7.8238917,-14.042238
1.748,-0.11690656,-0.19440631,-7.9648152,-7.9394507,-14.339206
1.752,-0.11655411,-0.19301901,-8.0829336,-8.0540696,-14.656021
1.756,-0.11603957,-0.19090739,-8.2024655,-8.1681589,-14.991661
1.76,-0.11537068,-0.18813978,-8.323402,-8.282496,-15.343363
1.7640001,-0.11455835,-0.1847996,-8.4457329,-8.3980644,-15.706994
1.768,-0.11361586,-0.180982,-8.5694452,-8.5158349,-16.077725
1.772,-0.11255314,-0.17679168,-8.6945253,-8.6365555,-16.450951
1.776,-0.11138485,-0.17234165,-8.820954,-8.7605744,-16.823315
1.78,-0.11012459,-0.16774859,-8.9487099,-8.8877496,-17.193665
1.784,-0.10878771,-0.16313541,-9.07777,-9.0174555,-17.563655
1.788,-0.10738865,-0.15862153,-9.2081065,-9.1486924,-17.937867
1.7920001,-0.10594384,-0.15432829,-9.3396896,-9.2802873,-18.323374
1.796,-0.10446999,-0.15037041,-9.4724862,-9.4111369,-18.728875
1.8,-0.10298172,-0.14685779,-9.6064601,-9.5404494,-19.163613
1.804,-0.10149517,-0.14389038,-9.7415704,-9.6679196,-19.636281
1.808,-0.10002704,-0.14155891,-9.8777732,-9.7938123,-20.154056
1.812,-0.098592837,-0.13994195,-10.015021,-9.9189058,-20.721846
1.816,-0.097207766,-0.13910492,-10.153263,-10.044323,-21.341765
1.8200001,-0.095886574,-0.13909909,-10.292444,-10.171283,-22.012884
1.824,-0.094643486,-0.13995737,-10.432505,-10.30081,-22.731385
1.8279999,-0.093491023,-0.14170013,-10.573383,-10.433496,-23.491296
1.832,-0.092443571,-0.14433011,-10.715011,-10.569332,-24.286088
1.836,-0.091511342,-0.14783303,-10.857316,-10.707673,-25.111236
1.84,-0.090705789,-0.15217743,-11.000224,-10.84733,-25.967647
1.844,-0.090035542,-0.15731892,-11.143656,-10.986796,-26.25
1.848,-0.089509785,-0.1631949,-11.287525,-11.124542,-26.35
1.852,-0.089135974,-0.1697303,-11.431743,-11.259352,-26.45
1.8559999,-0.088918783,-0.17683731,-11.576217,-11.390582,-26.65
1.86,-0.088864396,-0.18441615,-11.720848,-11.51831,-26.85
1.864,-0.088975355,-0.19235847,-11.865534,-11.643318,-26.855
1.868,-0.089253859,-0.2005498,-12.010167,-11.766904,-26.95
1.872,-0.089699633,-0.20886827,-12.154635,-11.890568,-26.5
1.876,-0.09031395,-0.21719035,-12.298822,-12.01,-26.565
1.88,-0.091094317,-0.22539279,-12.442605,-12.02,-26.65
1.8839999,-0.092035292,-0.2333537,-12.585859,-12.03,-26.552
1.888,-0.093135932,-0.24095639,-12.728453,-12.04,-26.485
1.892,-0.094387309,-0.24808995,-12.870251,-12.06,-26.45
1.896,-0.095784869,-0.25465555,-13.011113,-12.08,-26.435
1.9,-0.097318283,-0.2605639,-13.150895,-12.09,-26.43
1.904,-0.098980379,-0.26574102,-13.289447,-12.1,-26.425
1.908,-0.10076115,-0.27012608,-13.426616,-12.15,-26.35
1.9119999,-0.10264784,-0.27367665,-13.562244,-12.16,-26.315
1.916,-0.10463053,-0.2763688,-13.696171,-12.17,-26.225
1.92,-0.10669682,-0.2781961,-13.828233,-12.18,-26.115
1.924,-0.10883309,-0.27916968,-13.958258,-12.19,-25.754332
1.928,-0.11102536,-0.27932157,-14.086076,-12.2,-25.048728
1.932,-0.1132609,-0.27870125,-14.211513,-12.21,-24.366001
1.936,-0.11552593,-0.27737349,-14.334391,-12.22,-23.712931
1.9400001,-0.11780523,-0.27542055,-14.454531,-12.35,-23.098364
1.944,-0.12008479,-0.27293794,-14.571752,-12.38,-22.530366
1.948,-0.12235068,-0.27003407,-14.685874,-12.39,-22.014441
1.952,-0.12458887,-0.26682729,-14.796714,-12.4,-21.552653
1.956,-0.12678523,-0.26344196,-14.904091,-12.45,-21.143423
1.96,-0.12892755,-0.26000938,-15.007826,-12.48,-20.781732
1.964,-0.13100277,-0.256663,-15.10774,-12.5,-20.459634
1.9680001,-0.13299783,-0.25353472,-15.203657,-12.52,-20.16708
1.972,-0.13490262,-0.25075509,-15.295407,-12.54,-19.893036
1.976,-0.13670646,-0.24844894,-15.382824,-12.56,-19.626883
1.98,-0.13839899,-0.24673546,-15.465749,-12.58,-19.359902
1.984,-0.13997204,-0.24572201,-15.544029,-12.6,-19.086555
1.988,-0.14141867,-0.24550461,-15.61752,-12.62,-18.805192
1.992,-0.14273016,-0.24616726,-15.686087,-12.64,-18.517989
1.9960001,-0.14390358,-0.24777813,-15.749609,-12.66,-18.23011
2,-0.14493387,-0.25038856,-15.807974,-12.68,-17.948381
2.0039999,-0.14581762,-0.25403553,-15.861086,-12.69,-17.679825
2.0079999,-0.14655375,-0.25873467,-15.90886,-12.7,-17.430389
2.0120001,-0.14714152,-0.2644857,-15.951231,-12.72,-17.204018
2.016,-0.14758102,-0.27126996,-15.988146,-12.728,-17.002149
2.02,-0.14787555,-0.27904949,-16.019573,-12.732,-16.823568
2.0239999,-0.14802696,-0.2877697,-16.045494,-12.738,-16.664626
2.0280001,-0.14804048,-0.29735973,-16.065915,-12.8,-16.519753
2.0320001,-0.14792213,-0.30773245,-16.080855,-12.9,-16.382276
2.036,-0.14767702,-0.31878682,-16.090353,-13,-16.245451
2.04,-0.14731303,-0.33041086,-16.09447,-13.1,-16.103574
2.0439999,-0.14683955,-0.34248045,-16.09328,-13.2,-15.952973
2.0480001,-0.14626597,-0.35486377,-16.086881,-13.208,-15.792627
2.052,-0.14560116,-0.36742446,-16.075383,-13.25,-15.624256
2.056,-0.14485742,-0.38002288,-16.058913,-13.28,-15.451854
2.0599999,-0.14404586,-0.39251759,-16.037617,-13.305,-15.280814
2.0639999,-0.14317769,-0.40477316,-16.011652,-13.308,-15.116853
2.0680001,-0.1422663,-0.41665798,-15.981186,-13.315,-14.965006
2.072,-0.14132423,-0.42804796,-15.946403,-13.325,-14.828814
2.076,-0.14036302,-0.43883345,-15.907492,-13.345,-14.709819
2.0799999,-0.13939745,-0.4489159,-15.864655,-13.365,-14.607368
2.0840001,-0.13843958,-0.45821435,-15.818098,-13.385,-14.51872
2.0880001,-0.13750276,-0.46666657,-15.768034,-13.405,-14.439463
2.092,-0.1365995,-0.47422977,-15.714676,-13.505,-14.364184
2.096,-0.13574106,-0.48088363,-15.658246,-13.38,-14.287354
2.0999999,-0.1349404,-0.48662905,-15.598961,-13.35,-14.204282
2.1040001,-0.13420881,-0.49149016,-15.537042,-13.357798,-14.111977
2.108,-0.13355667,-0.49551424,-15.472703,-13.290998,-14.009706
2.112,-0.13299443,-0.49876931,-15.406162,-13.218717,-13.899094
2.1159999,-0.13253045,-0.50134567,-15.337629,-13.140528,-13.783759
2.1199999,-0.13217438,-0.50335226,-15.26731,-13.057206,-13.668572
2.1240001,-0.13193331,-0.50491551,-15.195407,-12.970557,-13.558729
2.128,-0.13181344,-0.50617649,-15.122116,-12.883019,-13.458837
2.132,-0.13182165,-0.5072914,-15.047622,-12.797121,-13.372171
2.1359999,-0.13196138,-0.50842361,-14.97211,-12.714946,-13.300179
2.1400001,-0.13223621,-0.50974328,-14.895751,-12.637709,-13.242269
2.1440001,-0.1326489,-0.51142665,-14.818712,-12.56552,-13.195901
2.148,-0.13320085,-0.51365006,-14.74115,-12.497385,-13.156951
2.152,-0.13389206,-0.51658705,-14.663215,-12.431435,-13.120357
2.1559999,-0.1347217,-0.5204062,-14.585046,-12.365342,-13.080949
2.1600001,-0.13568807,-0.52526956,-14.506779,-12.296836,-13.034381
2.164,-0.13678813,-0.53132603,-14.428534,-12.224228,-12.977945
2.168,-0.13801692,-0.53871409,-14.350429,-12.146798,-12.911119
2.1719999,-0.13937067,-0.54755589,-14.272572,-12.064965,-12.835658
2.1760001,-0.14084263,-0.55795775,-14.195062,-11.980195,-12.75525
2.1800001,-0.14242509,-0.57000608,-14.117992,-11.894673,-12.674781
2.184,-0.14411111,-0.58376848,-14.041444,-11.810814,-12.59944
2.188,-0.14589154,-0.59929042,-13.965496,-11.730742,-12.533807
2.1919999,-0.14775757,-0.61659734,-13.890218,-11.655847,-12.481116
2.1960001,-0.14969861,-0.63569172,-13.815672,-11.586499,-12.442752
2.2,-0.15170488,-0.65655496,-13.741915,-11.521973,-12.418029
2.204,-0.15376367,-0.67914627,-13.668996,-11.460611,-12.404273
2.2079999,-0.15586573,-0.70340408,-13.596958,-11.40016,-12.397194
2.2119999,-0.15799728,-0.72924868,-13.525839,-11.338262,-12.391545
2.2160001,-0.16014726,-0.75657951,-13.455672,-11.272971,-12.382003
2.22,-0.16230294,-0.78528231,-13.386484,-11.203185,-12.364139
2.224,-0.16445349,-0.81522739,-13.318296,-11.128913,-12.335291
2.2279999,-0.16658578,-0.84627345,-13.251127,-11.051263,-12.295138
2.2320001,-0.16868887,-0.87827198,-13.184988,-10.9722,-12.245794
2.2360001,-0.17075053,-0.91106812,-13.11989,-10.894116,-12.191412
2.24,-0.17275965,-0.94450557,-13.055836,-10.819297,-12.137402
2.244,-0.17470632,-0.97843346,-12.992828,-10.749446,-12.089441
2.2479999,-0.17657919,-1.0127007,-12.930864,-10.685323,-12.052507
2.2520001,-0.17836984,-1.0471733,-12.869938,-10.626579,-12.030073
2.256,-0.18006925,-1.0817287,-12.810044,-10.571823,-12.023562
2.26,-0.18166968,-1.1162627,-12.75117,-10.518895,-12.032104
2.2639999,-0.18316297,-1.1506965,-12.693303,-10.465309,-12.0526
2.2679999,-0.18454328,-1.1849747,-12.636428,-10.408794,-12.080133
2.2720001,-0.185807,-1.2190724,-12.580529,-10.347785,-12.108702
2.276,-0.18694857,-1.2529996,-12.525586,-10.281789,-12.132235
2.28,-0.18796463,-1.2867958,-12.47158,-10.211502,-12.145726
2.2839999,-0.18885313,-1.3205424,-12.418488,-10.138668,-12.146296
2.2880001,-0.18961324,-1.3543569,-12.366291,-10.065685,-12.133868
2.2920001,-0.19024603,-1.3883921,-12.314962,-9.9950961,-12.111292
2.296,-0.19075164,-1.4228418,-12.264479,-9.9290382,-12.083854
2.3,-0.19113115,-1.4579332,-12.214818,-9.8687894,-12.058311
2.3039999,-0.19139017,-1.4939316,-12.165954,-9.8144933,-12.041702
2.3080001,-0.19153215,-1.5311333,-12.117862,-9.7651093,-12.040193
2.312,-0.1915615,-1.5698658,-12.070519,-9.7185974,-12.058108
2.316,-0.1914856,-1.6104823,-12.023898,-9.6723208,-12.097273
2.3199999,-0.19131073,-1.6533619,-11.977979,-9.6235908,-12.156674
2.3239999,-0.19104545,-1.6989031,-11.932734,-9.5702446,-12.232489
2.3280001,-0.19069884,-1.7475202,-11.888144,-9.5111444,-12.318509
2.332,-0.1902796,-1.7996426,-11.844185,-9.4464454,-12.407013
2.336,-0.18979818,-1.8557065,-11.800838,-9.3775865,-12.490077
2.3399999,-0.18926484,-1.9161548,-11.758081,-9.3069837,-12.561155
2.3440001,-0.18869074,-1.9814325,-11.715896,-9.2375132,-12.616628
2.348,-0.18808717,-2.0519806,-11.674264,-9.1718901,-12.656883
2.352,-0.18746533,-2.1282383,-11.63317,-9.1120969,-12.686581
2.3559999,-0.18683845,-2.2106317,-11.592601,-9.0589558,-12.714016
2.3599999,-0.18621703,-2.2995776,-11.552538,-9.0119254,-12.749764
2.3640001,-0.18561279,-2.3954757,-11.512972,-8.969169,-12.805044
2.368,-0.18503809,-2.4987028,-11.473891,-8.927878,-12.890115
2.372,-0.18450452,-2.6096145,-11.435287,-8.8848244,-13.012989
2.3759999,-0.18402215,-2.7285362,-11.39715,-8.8370324,-13.178467
2.3800001,-0.1836036,-2.8557573,-11.359474,-8.7824447,-13.387521
2.3840001,-0.18325737,-2.9915246,-11.322255,-8.7204124,-13.637006
2.388,-0.1829933,-3.136037,-11.285487,-8.6518848,-13.91982
2.392,-0.18282111,-3.2894336,-11.24917,-8.5792359,-14.225759
2.3959999,-0.18274926,-3.4517826,-11.2133,-8.5057688,-14.543378
2.4000001,-0.1827858,-3.6230703,-11.17788,-8.4350161,-14.862978
2.404,-0.18293585,-3.8031816,-11.14291,-8.3699958,-15.18044
2.408,-0.18320636,-3.991883,-11.108392,-8.3125676,-15.500989
2.4119999,-0.18360155,-4.1887986,-11.07433,-8.2630088,-15.84184
2.4159999,-0.18412692,-4.3933829,-11.040729,-8.2198885,-16.233211
2.4200001,-0.18478425,-4.6048934,-11.007593,-8.180255,-16.718492
2.424,-0.18557575,-4.8223568,-10.97493,-8.1401482,-17.355542
2.428,-0.18650285,-5.044527,-10.942744,-8.0953729,-18.222353
2.4319999,-0.18756449,-5.2698529,-10.911046,-8.0423967,-19.432801
2.4360001,-0.18875939,-5.4964391,-10.879842,-7.9791767,-21.177589
2.4400001,-0.19008713,-5.7220126,-10.849139,-7.9057129,-23.845358
2.444,-0.19154244,-5.9439059,-10.818949,-7.8241405,-28.522367
2.448,-0.19312243,-6.1590511,-10.789277,-7.7383483,-41.901649
2.4519999,-0.19482201,-6.3640076,-10.760135,-7.6531915,-31.345143
2.4560001,-0.19663425,-6.5550218,-10.731531,-7.573499,-23.978946
2.46,-0.19855242,-6.7281381,-10.703473,-7.5030895,-19.857984
2.464,-0.20056965,-6.8793527,-10.675972,-7.4439649,-16.988565
2.4679999,-0.20267712,-7.0048197,-10.649033,-7.3958023,-14.808675
2.4719999,-0.20486485,-7.101088,-10.622666,-7.3558393,-13.079669
2.4760001,-0.2071237,-7.1653475,-10.596877,-7.3191973,-11.677562
2.48,-0.20944346,-7.1956585,-10.571676,-7.2796783,-10.529386
2.484,-0.21181376,-7.1911149,-10.547065,-7.2309898,-9.5882658
2.4879999,-0.21422235,-7.1519295,-10.523053,-7.1682192,-8.8219619
2.4920001,-0.21665845,-7.0794106,-10.499644,-7.0892377,-8.2069458
2.4960001,-0.21911102,-6.9758485,-10.476843,-6.9956611,-7.7250316
2.5,-0.22156788,-6.8443165,-10.454651,-6.8930608,-7.3612895
2.5039999,-0.22401674,-6.6884367,-10.433072,-6.7903846,-7.1026381
2.5079999,-0.22644734,-6.5121308,-10.412106,-6.6987908,-6.9368247
2.5120001,-0.22884709,-6.3193916,-10.391754,-6.6302289,-6.8516436
2.516,-0.23120603,-6.114102,-10.372018,-6.5961062,-6.8343558
2.52,-0.23351243,-5.8998906,-10.352893,-6.6061852,-6.8713217
2.5239999,-0.23575661,-5.6800458,-10.334378,-6.6677359,-6.9479264
2.5280001,-0.23792854,-5.4574707,-10.31647,-6.7848265,-7.0489232
2.5320001,-0.24001929,-5.2346651,-10.299162,-6.9576292,-7.1592342
2.536,-0.24202122,-5.0137424,-10.28245,-7.1816255,-7.2652307
2.54,-0.24392612,-4.7964471,-10.266327,-7.4467254,-7.3562234
2.5439999,-0.24572697,-4.584197,-10.250786,-7.7365137,-7.4257869
2.5480001,-0.24741888,-4.3781165,-10.235818,-8.0281711,-7.4724257
2.552,-0.24899651,-4.1790768,-10.221413,-8.293953,-7.4993025
2.556,-0.25045626,-3.98773,-10.207561,-8.505086,-7.5130616
2.5599999,-0.25179536,-3.8045417,-10.19425,-8.6380438,-7.5221066
2.5639999,-0.25301216,-3.6298233,-10.18147,-8.6813154,-7.5348162
2.5680001,-0.25410561,-3.4637515,-10.169207,-8.6393567,-7.5580328
2.572,-0.25507688,-3.3063966,-10.157446,-8.5313918,-7.5960516
2.576,-0.25592651,-3.1577323,-10.146175,-8.3858404,-7.6500827
2.5799999,-0.25665904,-3.0176597,-10.13538,-8.2334911,-7.7181834
2.5840001,-0.25727612,-2.8860116,-10.125044,-8.102306,-7.7955952
2.5880001,-0.25778325,-2.7625728,-10.115152,-8.0148009,-7.8754816
2.592,-0.25818607,-2.6470793,-10.10569,-7.9875094,-7.9500338
2.596,-0.25849186,-2.5392312,-10.09664,-8.0315606,-8.011844
2.5999999,-0.25870758,-2.4386998,-10.087987,-8.1535999,-8.0553223
2.6040001,-0.25884181,-2.3451296,-10.079715,-8.3566234,-8.0778387
2.608,-0.25890419,-2.2581454,-10.071808,-8.6405649,-8.0802588
2.612,-0.25890487,-2.1773554,-10.064249,-9.0025746,-8.0667072
2.6159999,-0.25885328,-2.1023576,-10.057022,-9.4370281,-8.043641
2.6199999,-0.25876102,-2.032739,-10.050113,-9.935308,-8.0184992
2.6240001,-0.25863923,-1.9680846,-10.043506,-10.485434,-7.9982795
2.628,-0.25850139,-1.907975,-10.037187,-11.071678,-7.9883265
2.632,-0.25835734,-1.8519948,-10.031141,-11.674366,-7.9914584
2.6359999,-0.25822068,-1.799733,-10.025354,-12.270118,-8.007509
2.6400001,-0.25810347,-1.7507876,-10.019814,-12.832909,-8.0332905
2.6440001,-0.25801833,-1.7047683,-10.014509,-13.336099,-8.062985
2.648,-0.25797711,-1.6613,-10.009428,-13.755418,-8.0890157
2.652,-0.25799208,-1.6200246,-10.004559,-14.072318,-8.1033555
2.6559999,-0.25807468,-1.5806072,-9.9998935,-14.276776,-8.0991562
2.6600001,-0.25823563,-1.5427357,-9.9954219,-14.368638,-8.0723788
2.664,-0.25848681,-1.5061243,-9.9911381,-14.357108,-8.0230258
2.668,-0.25883724,-1.4705157,-9.9870352,-14.258674,-7.9556093
2.6719999,-0.25929739,-1.4356842,-9.983107,-14.094185,-7.8787355
2.6760001,-0.25987551,-1.4014357,-9.9793498,-13.885838,-7.8040033
2.6800001,-0.26057909,-1.3676071,-9.9757584,-13.654597,-7.7446054
2.684,-0.26141636,-1.3340675,-9.9723338,-13.418283,-7.7140214
2.688,-0.2623914,-1.3007217,-9.9690736,-13.190354,-7.7250654
2.6919999,-0.26351146,-1.2675043,-9.9659762,-12.979255,-7.7893245
2.6960001,-0.26477919,-1.2343783,-9.9630443,-12.78824,-7.9169751
2.7,-0.26619937,-1.2013392,-9.9602797,-12.615598,-8.116811
2.704,-0.26777161,-1.1684054,-9.9576864,-12.45533,-8.3963942
2.7079999,-0.26949892,-1.1356206,-9.9552665,-12.298363,-8.7622214
2.7119999,-0.27137926,-1.1030488,-9.9530272,-12.134396,-9.2198095
2.7160001,-0.27341229,-1.07077,-9.9509734,-11.95424,-9.7736193
2.72,-0.27559565,-1.0388799,-9.9491123,-11.752238,-10.426681
2.724,-0.27792473,-1.0074851,-9.9474505,-11.528114,-11.179737
2.7279999,-0.28039652,-0.97669821,-9.9459976,-11.287648,-12.029563
2.7320001,-0.28300443,-0.94663564,-9.9447618,-11.041973,-12.96602
2.7360001,-0.28574161,-0.91741429,-9.9437525,-10.805856,-13.967294
2.74,-0.28859979,-0.88914975,-9.9429797,-10.595652,-14.993361
2.744,-0.29157249,-0.86195061,-9.9424542,-10.427493,-15.979893
2.7479999,-0.2946492,-0.83592011,-9.9421871,-10.316115,-16.839761
2.7520001,-0.29781974,-0.81114894,-9.9421877,-10.274231,-17.483001
2.756,-0.30107352,-0.7877165,-9.9424692,-10.312378,-17.855682
2.76,-0.30439919,-0.76568871,-9.9430413,-10.438959,-17.970381
2.7639999,-0.3077848,-0.74511664,-9.9439141,-10.660296,-17.896838
2.7679999,-0.31121907,-0.72603547,-9.9451016,-10.980502,-17.722789
2.7720001,-0.31468799,-0.7084623,-9.9466133,-11.400991,-17.520905
2.776,-0.31817945,-0.69239856,-9.9484588,-11.919361,-17.337282
2.78,-0.32168112,-0.67782758,-9.9506497,-12.527397,-17.194024
2.7839999,-0.32517954,-0.664719,-9.9531944,-12.53,-17.095964
2.7880001,-0.32866178,-0.65302032,-9.9561042,-12.532,-17.036832
2.7920001,-0.33211549,-0.64266952,-9.9593848,-12.534,-17.004042
2.796,-0.33552797,-0.63358497,-9.9630485,-12.536,-16.982502
2.8,-0.33888856,-0.62567548,-9.9670995,-12.538,-16.957896
2.8039999,-0.34218569,-0.61883646,-9.9715452,-12.542,-16.919393
2.8080001,-0.34540711,-0.61295527,-9.9763915,-12.562,-16.861466
2.812,-0.34854454,-0.60790725,-9.9816441,-12.6,-16.784391
2.816,-0.35158871,-0.60356535,-9.9873057,-12.65,-16.693386
2.8199999,-0.35453022,-0.59979526,-9.9933813,-12.68,-16.59678
2.8239999,-0.35736372,-0.59646499,-9.9998704,-12.685,-16.503868
2.8280001,-0.36008082,-0.59343896,-10.006776,-12.725,-16.423022
2.832,-0.36267789,-0.59058609,-10.014098,-12.735,-16.360387
2.836,-0.36514982,-0.5877804,-10.021835,-12.745,-16.319184
2.8399999,-0.3674949,-0.58490194,-10.029986,-12.765,-16.299539
2.8440001,-0.36971197,-0.58184224,-10.038546,-12.785,-16.298692
2.848,-0.37179905,-0.57849927,-10.047512,-12.805,-16.31152
2.852,-0.37375872,-0.57478749,-10.056879,-12.815,-16.331306
2.8559999,-0.37559262,-0.57063259,-10.066641,-12.825,-16.350693
2.8599999,-0.37730404,-0.56597698,-10.07679,-12.835,-16.362772
2.8640001,-0.37889823,-0.56077792,-10.087316,-12.845,-16.362103
2.868,-0.38038054,-0.55500791,-10.098215,-12.855,-16.345506
2.872,-0.38175936,-0.54865733,-10.109472,-12.865,-16.312415
2.8759999,-0.38304258,-0.54173053,-10.121077,-12.875,-16.264738
2.8800001,-0.38423929,-0.5342492,-10.13302,-12.885,-16.206248
2.8840001,-0.3853601,-0.52624877,-10.145287,-12.826242,-16.141716
2.888,-0.38641585,-0.51777701,-10.157865,-12.749067,-16.075963
2.892,-0.3874201,-0.50889614,-10.17074,-12.683406,-16.013047
2.8959999,-0.38838438,-0.49967674,-10.183898,-12.626446,-15.955669
2.9000001,-0.38932446,-0.49019786,-10.197322,-12.574882,-15.904858
2.904,-0.39025255,-0.480546,-10.211,-12.525555,-15.859901
2.908,-0.39118375,-0.47081331,-10.224912,-12.476007,-15.818517
2.9119999,-0.39213339,-0.46109452,-10.239045,-12.42486,-15.777227
2.9159999,-0.39311748,-0.4514815,-10.253382,-12.371933,-15.731885
2.9200001,-0.39415002,-0.44206964,-10.267906,-12.318111,-15.678306
2.924,-0.39524806,-0.4329477,-10.282601,-12.26499,-15.612912
2.928,-0.39642519,-0.42420308,-10.297449,-12.214431,-15.533285
2.9319999,-0.39769656,-0.41591216,-10.312437,-12.168098,-15.438516
2.9360001,-0.39907854,-0.40814768,-10.327546,-12.127108,-15.329295
2.9400001,-0.40058418,-0.40096963,-10.342761,-12.091817,-15.207713
2.944,-0.40222665,-0.39443095,-10.358067,-12.061793,-15.076839
2.948,-0.40401967,-0.38857117,-10.37345,-12.035943,-14.940176
2.9519999,-0.40597532,-0.38341836,-10.388894,-12.01277,-14.801093
2.9560001,-0.40810505,-0.37898935,-10.404388,-11.990684,-14.662359
2.96,-0.41041909,-0.37528877,-10.419916,-11.968325,-14.525793
2.964,-0.41292683,-0.37230807,-10.435468,-11.944807,-14.392103
2.9679999,-0.4156357,-0.37002757,-10.451032,-11.919854,-14.260878
2.9719999,-0.41855337,-0.36841541,-10.466597,-11.893793,-14.130751
2.9760001,-0.42168634,-0.36742975,-10.482154,-11.867412,-13.999676
2.98,-0.42503809,-0.36701935,-10.497694,-11.841746,-13.865302
2.984,-0.42861269,-0.36712202,-10.51321,-11.817809,-13.725391
2.9879999,-0.43241005,-0.36766939,-10.528696,-11.796366,-13.578202
2.9920001,-0.43643229,-0.36858694,-10.544146,-11.777772,-13.422795
2.9960001,-0.44067856,-0.36979555,-10.559555,-11.761904,-13.25919
3,-0.44514566,-0.37121141,-10.574921,-11.748205,-13.088351
3.0039999,-0.44983016,-0.37274994,-10.59024,-11.73581,-12.912022
3.0079999,-0.45472694,-0.37432601,-10.605514,-11.723741,-12.732432
3.0120001,-0.45982991,-0.37585583,-10.620739,-11.71111,-12.551946
3.016,-0.46513076,-0.37726076,-10.635918,-11.697294,-12.372724
3.02,-0.47062157,-0.3784642,-10.651054,-11.682058,-12.196438
3.0239999,-0.47629136,-0.37939697,-10.666149,-11.665574,-12.02408
3.0280001,-0.48212928,-0.37999684,-10.681204,-11.648363,-11.85589
3.0320001,-0.48812343,-0.3802111,-10.696228,-11.631166,-11.691391
3.036,-0.49426086,-0.37999491,-10.711223,-11.61476,-11.529525
3.04,-0.50052728,-0.37931508,-10.726197,-11.599799,-11.368875
3.0439999,-0.50690774,-0.37814955,-10.741156,-11.586675,-11.207916
3.0480001,-0.5133885,-0.37648668,-10.756108,-11.575443,-11.045293
3.052,-0.51995204,-0.37432602,-10.771059,-11.565822,-10.880044
3.056,-0.52658451,-0.37167923,-10.786019,-11.557264,-10.711767
3.0599999,-0.53326807,-0.36856731,-10.800996,-11.549076,-10.540671
3.0639999,-0.53998776,-0.3650231,-10.815998,-11.540568,-10.36753
3.0680001,-0.5467265,-0.36108669,-10.831035,-11.531194,-10.193548
3.072,-0.55346919,-0.35680905,-10.846114,-11.520655,-10.020152
3.076,-0.56019897,-0.35224562,-10.861245,-11.50895,-9.8487677
3.0799999,-0.56690288,-0.34745946,-10.876435,-11.496358,-9.6806089
3.0840001,-0.57356473,-0.34251746,-10.891694,-11.483361,-9.516514
3.0880001,-0.58017184,-0.33749111,-10.907029,-11.470525,-9.3568506
3.092,-0.58671129,-0.33245107,-10.922448,-11.458375,-9.2014927
3.096,-0.59317186,-0.32746924,-10.937958,-11.447273,-9.0498773
3.0999999,-0.59954345,-0.32261677,-10.953562,-11.437345,-8.9011237
3.1040001,-0.60581573,-0.31796064,-10.96927,-11.428462,-8.7541893
3.108,-0.61198267,-0.31356565,-10.985083,-11.420261,-8.6080552
3.112,-0.61803653,-0.30948936,-11.001006,-11.412232,-8.4618943
3.1159999,-0.62397389,-0.30578517,-11.017042,-11.403823,-8.3151993
3.1199999,-0.62979143,-0.30249654,-11.033192,-11.394554,-8.1678643
3.1240001,-0.63548884,-0.29966147,-11.049456,-11.384117,-8.0201829
3.128,-0.64106512,-0.29730769,-11.065833,-11.372427,-7.8727936
3.132,-0.64652407,-0.29545406,-11.082321,-11.359634,-7.7265598
3.1359999,-0.65186961,-0.29411053,-11.098918,-11.34608,-7.5824236
3.1400001,-0.65710864,-0.2932763,-11.115619,-11.332215,-7.441258
3.1440001,-0.66224805,-0.29294217,-11.132415,-11.318494,-7.3037353
3.148,-0.66729888,-0.29308988,-11.149302,-11.305282,-7.1702331
3.152,-0.67227227,-0.29369254,-11.166268,-11.292764,-7.040792
3.1559999,-0.67718067,-0.29471357,-11.183303,-11.280919,-6.9151292
3.1600001,-0.68204118,-0.2961097,-11.200396,-11.269516,-6.7926984
3.164,-0.68686898,-0.29783254,-11.217534,-11.25817,-6.6727875
3.168,-0.69168258,-0.29982625,-11.2347,-11.246416,-6.5546422
3.1719999,-0.69650252,-0.3020301,-11.251877,-11.233812,-6.437594
3.1760001,-0.70134872,-0.30438286,-11.269049,-11.220027,-6.3211599
3.1800001,-0.70624382,-0.3068178,-11.286194,-11.204902,-6.2051238
3.184,-0.71121,-0.30927097,-11.303294,-11.188481,-6.0895554
3.188,-0.71627234,-0.31167629,-11.320323,-11.170997,-5.9747972
3.1919999,-0.72145485,-0.31396911,-11.337259,-11.152811,-5.861392
3.1960001,-0.72678293,-0.31609147,-11.354077,-11.134333,-5.749991
3.2,-0.73228296,-0.31798545,-11.370751,-11.115934,-5.6412425
3.204,-0.7379803,-0.31960155,-11.387252,-11.097865,-5.5356923
3.2079999,-0.74390164,-0.3208949,-11.403553,-11.080202,-5.4336966
3.2119999,-0.7500721,-0.32182954,-11.419623,-11.062839,-5.3353748
3.2160001,-0.75651805,-0.32237593,-11.435433,-11.045502,-5.2405975
3.22,-0.76326611,-0.32251432,-11.45095,-11.027814,-5.1490181
3.224,-0.77033874,-0.32223338,-11.466144,-11.009369,-5.0601297
3.2279999,-0.77776251,-0.32152929,-11.48098,-10.989817,-4.9733599
3.2320001,-0.78555892,-0.32040985,-11.495427,-10.968937,-4.8881573
3.2360001,-0.79375134,-0.31889122,-11.50945,-10.946676,-4.8040793
3.24,-0.80236076,-0.31699685,-11.523015,-10.923159,-4.7208682
3.244,-0.81140771,-0.31475725,-11.536089,-10.898659,-4.6384814
3.2479999,-0.82090987,-0.31221257,-11.548637,-10.873532,-4.5570895
3.2520001,-0.83088483,-0.30940756,-11.560628,-10.848147,-4.4770466
3.256,-0.84134754,-0.30639317,-11.572024,-10.8228,-4.3988224
3.26,-0.85231217,-0.3032234,-11.582796,-10.797661,-4.3229176
3.2639999,-0.86379139,-0.29995522,-11.592909,-10.772735,-4.249784
3.2679999,-0.87579524,-0.29665041,-11.602332,-10.747866,-4.1797502
3.2720001,-0.88833057,-0.29336669,-11.611035,-10.722766,-4.1129669
3.276,-0.90140545,-0.29016331,-11.618984,-10.697083,-4.0493924
3.28,-0.9150248,-0.28709934,-11.626155,-10.670469,-3.9887938
3.2839999,-0.92918975,-0.28422865,-11.632517,-10.642655,-3.93079
3.2880001,-0.94390224,-0.28160178,-11.638046,-10.613504,-3.8749186
3.2920001,-0.95916083,-0.27926521,-11.642714,-10.583042,-3.8207036
3.296,-0.97496217,-0.27725683,-11.646498,-10.551442,-3.7677364
3.3,-0.99130063,-0.27561162,-11.649379,-10.518997,-3.7157391
3.3039999,-1.0081704,-0.27435472,-11.651334,-10.486053,-3.6646002
3.3080001,-1.0255635,-0.27350488,-11.652347,-10.452933,-3.614394
3.312,-1.0434693,-0.27307208,-11.6524,-10.419878,-3.5653562
3.316,-1.0618773,-0.27305918,-11.651478,-10.387002,-3.5178407
3.3199999,-1.0807741,-0.27346025,-11.649571,-10.354261,-3.472255
3.3239999,-1.1001467,-0.2742618,-11.646666,-10.321478,-3.4289894
3.3280001,-1.1199796,-0.27544227,-11.642758,-10.288371,-3.3883511
3.332,-1.1402584,-0.27697338,-11.637837,-10.254624,-3.3505087
3.336,-1.1609666,-0.2788191,-11.631902,-10.219947,-3.3154686
3.3399999,-1.1820862,-0.28093876,-11.62495,-10.18414,-3.2830703
3.3440001,-1.2036027,-0.28328591,-11.616982,-10.147135,-3.2530114
3.348,-1.2254979,-0.28581158,-11.608001,-10.109012,-3.2248973
3.352,-1.2477565,-0.28846039,-11.598009,-10.069976,-3.1983045
3.3559999,-1.2703623,-0.29117779,-11.587013,-10.030319,-3.1728464
3.3599999,-1.2933011,-0.29390783,-11.575023,-9.9903648,-3.1482345
3.3640001,-1.3165576,-0.29659163,-11.562046,-9.9503937,-3.1243201
3.368,-1.3401212,-0.29917698,-11.548097,-9.9105989,-3.1011172
3.372,-1.3639801,-0.30160887,-11.533187,-9.8710401,-3.0787926
3.3759999,-1.3881254,-0.30383945,-11.517333,-9.831644,-3.0576315
3.3800001,-1.4125504,-0.30582382,-11.50055,-9.7922171,-3.037986
3.3840001,-1.4372511,-0.30752151,-11.482856,-9.7524928,-3.0202104
3.388,-1.4622266,-0.30890133,-11.464271,-9.7121907,-3.0046005
3.392,-1.4874774,-0.30993452,-11.444813,-9.6710715,-2.9913395
3.3959999,-1.5130086,-0.3106035,-11.424505,-9.6289939,-2.9804642
3.4000001,-1.5388286,-0.3108964,-11.403369,-9.5859422,-2.9718589
3.404,-1.5649484,-0.3108117,-11.381426,-9.5420317,-2.9652719
3.408,-1.5913847,-0.31035194,-11.358701,-9.4974861,-2.9603507
3.4119999,-1.6181557,-0.30953064,-11.335214,-9.452592,-2.9567045
3.4159999,-1.6452882,-0.30836757,-11.310993,-9.4076408,-2.9539583
3.4200001,-1.6728063,-0.3068914,-11.286058,-9.3628731,-2.9518199
3.424,-1.7007467,-0.30513395,-11.260434,-9.3184335,-2.9501207
3.428,-1.7291444,-0.3031354,-11.234146,-9.274343,-2.9488402
3.4319999,-1.7580416,-0.30093958,-11.207214,-9.2305022,-2.9481074
3.4360001,-1.7874856,-0.29859744,-11.179664,-9.1867114,-2.9481724
3.4400001,-1.8175263,-0.2961579,-11.151514,-9.1427196,-2.9493602
3.444,-1.8482217,-0.2936737,-11.12279,-9.0982804,-2.9520117
3.448,-1.8796302,-0.29120061,-11.093509,-9.0532006,-2.9564231
3.4519999,-1.9118189,-0.28879212,-11.063691,-9.0073862,-2.9627897
3.4560001,-1.9448559,-0.2864993,-11.033354,-8.9608626,-2.9711758
3.46,-1.9788152,-0.2843734,-11.002515,-8.9137706,-2.9814933
3.464,-2.0137772,-0.28246033,-10.97119,-8.8663381,-2.9935196
3.4679999,-2.0498242,-0.28080264,-10.939394,-8.8188345,-3.0069297
3.4719999,-2.0870416,-0.27943704,-10.907136,-8.7715195,-3.0213473
3.4760001,-2.1255229,-0.27839417,-10.874431,-8.7245911,-3.0364036
3.48,-2.1653615,-0.27770054,-10.841284,-8.6781473,-3.0518025
3.484,-2.2066542,-0.27737218,-10.807706,-8.6321716,-3.0673618
3.4879999,-2.2495055,-0.27742083,-10.773701,-8.5865398,-3.0830451
3.4920001,-2.2940199,-0.27784917,-10.739271,-8.5410507,-3.0989641
3.4960001,-2.3403052,-0.2786534,-10.704419,-8.4954666,-3.1153531
3.5,-2.3884724,-0.27982169,-10.669145,-8.4495695,-3.1325302
3.5039999,-2.4386358,-0.28133597,-10.633446,-8.4032057,-3.1508354
3.5079999,-2.4909126,-0.28316993,-10.597317,-8.3563202,-3.1705714
3.5120001,-2.5454221,-0.2852923,-10.560749,-8.3089694,-3.1919463
3.516,-2.6022846,-0.28766525,-10.523737,-8.2613103,-3.2150374
3.52,-2.6616243,-0.29024768,-10.486269,-8.213569,-3.2397747
3.5239999,-2.7235669,-0.29299299,-10.448332,-8.1659975,-3.2659461
3.5280001,-2.7882385,-0.29585141,-10.40991,-8.1188202,-3.2932334
3.5320001,-2.8557693,-0.29877077,-10.370989,-8.0721925,-3.3212624
3.536,-2.926289,-0.3017009,-10.331549,-8.0261746,-3.3496619
3.54,-2.9999289,-0.30458693,-10.291569,-7.9807167,-3.3781282
3.5439999,-3.0768218,-0.30737866,-10.251028,-7.9356768,-3.4064733
3.5480001,-3.1571018,-0.3100261,-10.209904,-7.8908523,-3.4346531
3.552,-3.2409022,-0.31248266,-10.168171,-7.8460225,-3.4627779
3.556,-3.3283583,-0.31470585,-10.125804,-7.8009967,-3.4910832
3.5599999,-3.4196061,-0.3166588,-10.082775,-7.7556592,-3.5198927
3.5639999,-3.5147792,-0.31830945,-10.039057,-7.7099883,-3.5495568
3.5680001,-3.6140142,-0.31963259,-9.9946201,-7.6640666,-3.5803835
3.572,-3.717445,-0.32060918,-9.9494376,-7.618061,-3.6125926
3.576,-3.825203,-0.32122907,-9.9034794,-7.5721925,-3.6462644
3.5799999,-3.9374226,-0.32148759,-9.8567165,-7.5266901,-3.6813271
3.5840001,-4.0542309,-0.32138897,-9.8091192,-7.4817415,-3.7175631
3.5880001,-4.1757563,-0.32094461,-9.7606597,-7.4374634,-3.7546427
3.592,-4.3021196,-0.32017321,-9.7113094,-7.3938728,-3.7921803
3.596,-4.4334394,-0.31909991,-9.6610419,-7.3508893,-3.8297912
3.5999999,-4.5698279,-0.31775567,-9.6098322,-7.3083529,-3.8671633
3.6040001,-4.7113895,-0.31617896,-9.5576544,-7.266059,-3.9041056
3.608,-4.8582181,-0.31441128,-9.5044884,-7.2238017,-3.9405783
3.612,-5.0103964,-0.31249912,-9.4503118,-7.1814169,-3.9767017
3.6159999,-5.1679939,-0.31049124,-9.3951085,-7.1388208,-4.0127285
3.6199999,-5.3310627,-0.30843814,-9.3388611,-7.0960219,-4.0489986
3.6240001,-5.499632,-0.30639319,-9.2815575,-7.0531265,-4.0858769
3.628,-5.6737094,-0.30440775,-9.2231875,-7.0103112,-4.123685
3.632,-5.8532664,-0.30253123,-9.1637455,-6.967792,-4.16264
3.6359999,-6.0382425,-0.30081316,-9.1032268,-6.9257759,-4.2028161
3.6400001,-6.2285317,-0.29929893,-9.0416335,-6.8844222,-4.2441215
3.6440001,-6.4239754,-0.29802907,-8.9789677,-6.8438112,-4.2863136
3.648,-6.6243544,-0.29704139,-8.9152387,-6.8039266,-4.3290363
3.652,-6.8293731,-0.29636551,-8.850458,-6.7646639,-4.3718743
3.6559999,-7.0386531,-0.29602638,-8.7846392,-6.7258518,-4.4144264
3.6600001,-7.2517133,-0.29604144,-8.7178057,-6.6872864,-4.4563699
3.664,-7.467955,-0.29642238,-8.6499778,-6.6487795,-4.4975163
3.668,-7.6866478,-0.29717311,-8.5811855,-6.610192,-4.5378442
3.6719999,-7.9069049,-0.2982894,-8.5114602,-6.5714688,-4.5774974
3.6760001,-8.1276704,-0.29976076,-8.4408383,-6.5326458,-4.6167614
3.6800001,-8.347695,-0.30156929,-8.3693591,-6.4938449,-4.6560034
3.684,-8.5655245,-0.30369128,-8.2970667,-6.4552477,-4.6956084
3.688,-8.7794851,-0.30609451,-8.2240083,-6.4170577,-4.7359042
3.6919999,-8.9876784,-0.30874446,-8.1502338,-6.3794587,-4.7771055
3.6960001,-9.1879858,-0.31159829,-8.075798,-6.3425781,-4.8192579
3.7,-9.3780896,-0.31461139,-8.0007583,-6.3064603,-4.8622364
3.704,-9.5555038,-0.31773492,-7.9251743,-6.2710584,-4.9057569
3.7079999,-9.7176317,-0.32091876,-7.8491101,-6.2362462,-4.9494213
3.7119999,-9.8618438,-0.32411085,-7.7726298,-6.2018435,-4.9927812
3.7160001,-9.9855719,-0.32725805,-7.6958016,-6.1676561,-5.0354182
3.72,-10.086425,-0.33031024,-7.6186951,-6.1335137,-5.0770066
3.724,-10.16231,-0.33321705,-7.5413822,-6.0993079,-5.117382
3.7279999,-10.211553,-0.33593209,-7.4639351,-6.0650147,-5.1565568
3.7320001,-10.233001,-0.33841425,-7.3864279,-6.0306964,-5.1947222
3.7360001,-10.226104,-0.34062479,-7.308936,-5.9964931,-5.2322098
3.74,-10.190946,-0.34253153,-7.2315353,-5.9625899,-5.2694247
3.744,-10.128247,-0.34410825,-7.1543032,-5.9291768,-5.3067786
3.7479999,-10.039306,-0.34533796,-7.0773148,-5.896416,-5.3446004
3.7520001,-9.9259242,-0.34620807,-7.0006487,-5.8644029,-5.3830832
3.756,-9.7902929,-0.3467142,-6.9243807,-5.8331452,-5.4222376
3.76,-9.6348666,-0.34685982,-6.8485878,-5.8025702,-5.4618846
3.7639999,-9.4622488,-0.34665592,-6.7733454,-5.7725309,-5.5016881
3.7679999,-9.275079,-0.34612107,-6.6987286,-5.7428431,-5.5411992
3.7720001,-9.0759416,-0.3452814,-6.624813,-5.7133215,-5.5799437
3.776,-8.8672931,-0.34416795,-6.5516711,-5.6838191,-5.6174899
3.78,-8.6514127,-0.34281825,-6.4793753,-5.6542563,-5.6535416
3.7839999,-8.4303743,-0.34127467,-6.4079965,-5.6246404,-5.6879724
3.7880001,-8.2060285,-0.33958449,-6.3376045,-5.5950564,-5.7208584
3.7920001,-7.9800015,-0.33779652,-6.2682679,-5.5656591,-5.7524581
3.796,-7.7537045,-0.33596382,-6.2000518,-5.5366339,-5.7831642
3.8,-7.5283434,-0.33413844,-6.1330229,-5.5081554,-5.8134314
3.8039999,-7.3049406,-0.33237362,-6.0672425,-5.4803584,-5.8436891
3.8080001,-7.0843492,-0.33072144,-6.0027736,-5.4533044,-5.8742607
3.812,-6.8672745,-0.32923221,-5.9396744,-5.4269701,-5.9053038
3.816,-6.6542918,-0.32795063,-5.8780025,-5.4012528,-5.9367784
3.8199999,-6.445863,-0.32692059,-5.8178141,-5.375992,-5.9684433
3.8239999,-6.2423539,-0.32618023,-5.7591625,-5.3510048,-5.9999076
3.8280001,-6.0440463,-0.32576066,-5.7021002,-5.3261181,-6.0306821
3.832,-5.8511531,-0.32568792,-5.6466745,-5.3012143,-6.0602793
3.836,-5.6638245,-0.32598089,-5.5929359,-5.2762464,-6.0882921
3.8399999,-5.4821644,-0.32665154,-5.5409269,-5.2512551,-6.1144678
3.8440001,-5.3062312,-0.32770319,-5.4906927,-5.2263544,-6.1387587
3.848,-5.1360491,-0.32913299,-5.4422751,-5.2017113,-6.1613291
3.852,-4.9716136,-0.33093031,-5.3957116,-5.1775089,-6.1825215
3.8559999,-4.8128951,-0.3330769,-5.3510404,-5.1539078,-6.2027994
3.8599999,-4.659842,-0.33554716,-5.3082959,-5.1310124,-6.2226586
3.8640001,-4.5123882,-0.338311,-5.2675122,-5.1088485,-6.2425396
3.868,-4.3704532,-0.34132954,-5.2287195,-5.0873576,-6.2627445
3.872,-4.2339447,-0.34456064,-5.191946,-5.0664128,-6.2833817
3.8759999,-4.1027596,-0.34795672,-5.15722,-5.045838,-6.3043474
3.8800001,-3.9767884,-0.3514676,-5.1245632,-5.0254488,-6.3253428
3.8840001,-3.8559149,-0.35503981,-5.094001,-5.0050926,-6.3459249
3.888,-3.7400182,-0.35861964,-5.0655512,-4.9846759,-6.3655876
3.892,-3.6289728,-0.36215177,-5.0392332,-4.964187,-6.3838579
3.8959999,-3.5226472,-0.36558241,-5.0150636,-4.9436989,-6.4003775
3.9000001,-3.4209121,-0.36886011,-4.9930553,-4.9233505,-6.414978
3.904,-3.3236321,-0.3719353,-4.9732201,-4.9033212,-6.42771
3.908,-3.2306709,-0.37476278,-4.9555664,-4.8837892,-6.4388407
3.9119999,-3.1418914,-0.37730347,-4.9401031,-4.8648978,-6.448805
3.9159999,-3.057153,-0.37952303,-4.9268338,-4.8467203,-6.458131
3.9200001,-2.9763168,-0.38139337,-4.9157607,-4.8292514,-6.4673478
3.924,-2.8992403,-0.38289413,-4.9068844,-4.8124031,-6.4768913
3.928,-2.8257852,-0.38401393,-4.9002023,-4.7960209,-6.4870294
3.9319999,-2.7558084,-0.38474827,-4.8957102,-4.7799236,-6.4978209
3.9360001,-2.6891674,-0.38509766,-4.8934001,-4.7639348,-6.5091011
3.9400001,-2.6257213,-0.38507692,-4.8932612,-4.7479194,-6.5205227
3.944,-2.5653269,-0.38470354,-4.8952815,-4.7318188,-6.531619
3.948,-2.5078436,-0.38400611,-4.8994461,-4.7156565,-6.541889
3.9519999,-2.4531309,-0.38301636,-4.9057353,-4.6995337,-6.550899
3.9560001,-2.4010467,-0.38177442,-4.9141289,-4.6836145,-6.5583608
3.96,-2.3514534,-0.38032685,-4.9246019,-4.6680803,-6.5641901
3.964,-2.3042103,-0.37872297,-4.9371284,-4.6531041,-6.5685282
3.9679999,-2.2591816,-0.37701564,-4.9516761,-4.6388007,-6.5717138
3.9719999,-2.2162297,-0.3752618,-4.968213,-4.6252137,-6.5742251
3.9760001,-2.1752223,-0.37351659,-4.9867003,-4.6123,-6.5765928
3.98,-2.1360266,-0.37183814,-5.0070994,-4.5999423,-6.5793013
3.984,-2.0985128,-0.37028265,-5.029364,-4.5879661,-6.5827042
3.9879999,-2.0625545,-0.36890316,-5.0534483,-4.5761865,-6.5869532
3.9920001,-2.0280256,-0.36774951,-5.0793,-4.5644397,-6.5919712
3.9960001,-1.9948077,-0.36686973,-5.1068655,-4.5526199,-6.5974636
4,-1.9627821,-0.36630341,-5.1360833,-4.5407027,-6.6029664
4.0040002,-1.9318368,-0.36608586,-5.1668924,-4.5287507,-6.6079279
4.0079999,-1.9018605,-0.36624518,-5.1992248,-4.5168974,-6.611806
4.0120001,-1.8727518,-0.36680192,-5.2330097,-4.5053227,-6.6141689
4.0159998,-1.8444081,-0.36776935,-5.2681724,-4.4942137,-6.6147717
4.02,-1.8167381,-0.3691533,-5.3046339,-4.4837262,-6.6136013
4.0240002,-1.7896514,-0.37094795,-5.3423102,-4.4739497,-6.6108847
4.0279999,-1.7630666,-0.373145,-5.3811152,-4.4648885,-6.6070473
4.0320001,-1.7369061,-0.37572263,-5.4209578,-4.4564626,-6.6026363
4.0359998,-1.7110987,-0.37865571,-5.4617421,-4.4485229,-6.5982269
4.04,-1.6855817,-0.38190878,-5.5033701,-4.4408808,-6.5943228
4.0440001,-1.660298,-0.38544176,-5.545739,-4.4333504,-6.5912674
4.0479999,-1.6351956,-0.3892067,-5.5887425,-4.4257851,-6.5891914
4.052,-1.610231,-0.39315328,-5.6322719,-4.4181111,-6.5879942
4.0560002,-1.5853685,-0.39722575,-5.6762152,-4.410342,-6.5873666
4.0599999,-1.5605764,-0.40136611,-5.7204578,-4.402578,-6.5868558
4.0640001,-1.5358306,-0.40551387,-5.764882,-4.3949848,-6.5859542
4.0679998,-1.5111152,-0.40960884,-5.8093701,-4.3877559,-6.5841989
4.072,-1.4864197,-0.41359186,-5.8538007,-4.381078,-6.5812648
4.0760002,-1.461738,-0.41740551,-5.8980522,-4.375086,-6.5770354
4.0799999,-1.4370731,-0.42099349,-5.9420046,-4.369837,-6.5716324
4.0840001,-1.4124307,-0.42430858,-5.985534,-4.3653004,-6.5654053
4.0879998,-1.3878252,-0.42730369,-6.0285214,-4.3613587,-6.5588782
4.092,-1.3632708,-0.42994152,-6.0708467,-4.3578362,-6.552664
4.0960002,-1.3387915,-0.43219224,-6.1123921,-4.3545329,-6.5473683
4.0999999,-1.3144126,-0.43403099,-6.1530446,-4.3512698,-6.5434898
4.1040001,-1.2901642,-0.43544431,-6.1926907,-4.3479243,-6.5413463
4.1079998,-1.2660781,-0.43642719,-6.2312271,-4.3444583,-6.5410331
4.112,-1.2421911,-0.4369818,-6.2685497,-4.3409264,-6.5424171
4.1160002,-1.2185403,-0.43712142,-6.3045636,-4.3374636,-6.5451783
4.1199999,-1.1951657,-0.43686757,-6.3391793,-4.3342604,-6.5488798
4.1240001,-1.1721082,-0.43624922,-6.3723146,-4.331518,-6.553063
4.1279998,-1.1494106,-0.43530577,-6.403895,-4.3294099,-6.5573411
4.132,-1.1271151,-0.43407922,-6.4338538,-4.3280464,-6.5614913
4.1360002,-1.1052635,-0.43262139,-6.4621341,-4.3274449,-6.5655016
4.1399999,-1.0838988,-0.43098983,-6.4886875,-4.3275317,-6.5695877
4.1440001,-1.0630623,-0.42924255,-6.5134764,-4.3281573,-6.5741582
4.1479998,-1.0427928,-0.42744347,-6.5364722,-4.3291237,-6.5797498
4.152,-1.0231302,-0.42565649,-6.5576558,-4.3302295,-6.586927
4.1560001,-1.0041096,-0.42394529,-6.5770206,-4.3313146,-6.5961771
4.1599998,-0.98576581,-0.42237398,-6.5945671,-4.3322906,-6.6078113
4.164,-0.96813105,-0.42100399,-6.6103081,-4.3331647,-6.6218984
4.1680002,-0.95123303,-0.4198922,-6.6242657,-4.334036,-6.6382329
4.1719999,-0.93509907,-0.41909064,-6.636472,-4.3350786,-6.6563445
4.1760001,-0.91974889,-0.41864743,-6.6469678,-4.3365017,-6.6755613
4.1799998,-0.90520459,-0.41860118,-6.6558019,-4.3385088,-6.6950982
4.184,-0.89147875,-0.41898603,-6.6630311,-4.3412528,-6.7141726
4.1880002,-0.87858487,-0.41982492,-6.6687228,-4.3448016,-6.7321184
4.1919999,-0.86652924,-0.42113374,-6.6729473,-4.3491277,-6.7484774
4.1960001,-0.85531569,-0.42291878,-6.6757831,-4.3541113,-6.7630593
4.1999998,-0.84494352,-0.42517686,-6.6773141,-4.3595634,-6.7759417
4.204,-0.83540876,-0.42789507,-6.6776283,-4.3652688,-6.7874281
4.2080002,-0.82670232,-0.43105268,-6.6768159,-4.3710307,-6.7979539
4.2119999,-0.818811,-0.43461765,-6.6749733,-4.3767167,-6.8079716
4.2160001,-0.81171905,-0.43855332,-6.6721961,-4.3822839,-6.817823
4.2199998,-0.80540317,-0.44281234,-6.6685833,-4.3877948,-6.8276345
4.224,-0.7998416,-0.44734167,-6.6642337,-4.3934042,-6.8372408
4.2280002,-0.79500416,-0.45208173,-6.6592457,-4.3993296,-6.8461634
4.2319999,-0.79085853,-0.45697012,-6.6537165,-4.405806,-6.8536329
4.2360001,-0.78736908,-0.46193922,-6.6477434,-4.4130395,-6.8586659
4.2399998,-0.78449828,-0.46691895,-6.6414208,-4.4211639,-6.8601734
4.244,-0.78220214,-0.47184003,-6.6348391,-4.4302149,-6.8570808
4.2480001,-0.78043766,-0.47663402,-6.6280876,-4.440123,-6.8484401
4.2519999,-0.77915614,-0.48123347,-6.6212505,-4.4507313,-6.833505
4.256,-0.77830908,-0.48557423,-6.6144092,-4.4618338,-6.8117579
4.2600002,-0.77784324,-0.48959884,-6.6076378,-4.4732156,-6.7828809
4.2639999,-0.77770692,-0.49325353,-6.6010101,-4.4847107,-6.7466747
4.2680001,-0.777846,-0.49649358,-6.5945903,-4.496242,-6.7029557
4.2719998,-0.778204,-0.49928262,-6.5884397,-4.5078442,-6.6514375
4.276,-0.77872571,-0.5015938,-6.5826138,-4.5196608,-6.5916556
4.2800002,-0.77935423,-0.50340745,-6.5771618,-4.5319329,-6.5229383
4.2839999,-0.78003305,-0.50471759,-6.5721265,-4.544949,-6.4444451
4.2880001,-0.78070973,-0.50552768,-6.5675467,-4.5589992,-6.3552812
4.2919998,-0.78132851,-0.50585108,-6.5634535,-4.574322,-6.2546699
4.296,-0.78183586,-0.50571378,-6.5598727,-4.5910696,-6.1421522
4.3000002,-0.78218284,-0.50514764,-6.5568239,-4.6092861,-6.0177767
4.3039999,-0.78231965,-0.50419799,-6.5543208,-4.6289137,-5.8822407
4.3080001,-0.78220091,-0.50291648,-6.5523706,-4.6498195,-5.7369478
4.3119998,-0.78178446,-0.50136329,-6.5509767,-4.6718413,-5.583973
4.316,-0.78102989,-0.49960259,-6.550135,-4.6948419,-5.4259348
4.3200002,-0.77990213,-0.49770528,-6.5498355,-4.7187525,-5.2657924
4.3239999,-0.77836918,-0.49574696,-6.5500651,-4.7436113,-5.1066296
4.3280001,-0.77640392,-0.49380232,-6.5508033,-4.7695726,-4.9514192
4.3319998,-0.77398357,-0.49194717,-6.5520265,-4.7968862,-4.8028329
4.336,-0.77108937,-0.49025841,-6.5537048,-4.8258539,-4.6630946
4.3400002,-0.76770848,-0.48880737,-6.5558046,-4.8567754,-4.5338927
4.3439999,-0.76383235,-0.48766287,-6.5582901,-4.8898754,-4.4163519
4.348,-0.75945692,-0.48688866,-6.5611188,-4.9252459,-4.3110543
4.3520002,-0.75458441,-0.48654045,-6.5642459,-4.9628012,-4.2180899
4.3559999,-0.74922073,-0.48666652,-6.5676245,-5.0022666,-4.1371608
4.3600001,-0.7433775,-0.48730647,-6.5712047,-5.0431883,-4.0676744
4.3639998,-0.73707102,-0.48849082,-6.5749323,-5.0849826,-4.0088599
4.368,-0.73032102,-0.49023827,-6.5787534,-5.1270001,-3.9598645
4.3720002,-0.72315381,-0.49255756,-6.5826115,-5.1686009,-3.9198403
4.3759999,-0.71559877,-0.49544718,-6.5864514,-5.2092287,-3.888005
4.3800001,-0.70768674,-0.49889207,-6.5902144,-5.2484625,-3.8636693
4.3839998,-0.69945675,-0.50286817,-6.5938427,-5.2860438,-3.8462362
4.388,-0.69094817,-0.50733992,-6.5972809,-5.3218741,-3.8351815
4.3920002,-0.68220291,-0.51226314,-6.600471,-5.3559788,-3.8300124
4.3959999,-0.67326667,-0.51758228,-6.6033587,-5.3884508,-3.8302248
4.4000001,-0.66418611,-0.52323509,-6.6058925,-5.4193969,-3.8352598
4.4039998,-0.65501031,-0.52915037,-6.6080185,-5.448879,-3.8444863
4.408,-0.64578951,-0.53525269,-6.6096914,-5.4768823,-3.8571891
4.4120002,-0.63657389,-0.54146152,-6.6108651,-5.5033137,-3.8726003
4.4159999,-0.62741533,-0.54769354,-6.611499,-5.5280223,-3.8899391
4.4200001,-0.61836487,-0.55386416,-6.6115551,-5.5508501,-3.9084699
4.4239998,-0.60947286,-0.55988935,-6.6109995,-5.571679,-3.9275709
4.428,-0.60078837,-0.56568726,-6.6098049,-5.5904942,-3.9467819
4.4320002,-0.59236138,-0.57118013,-6.6079472,-5.6074162,-3.9658525
4.4359999,-0.58423795,-0.57629541,-6.6054071,-5.6227056,-3.9847426
4.4400001,-0.57646289,-0.58096852,-6.602171,-5.6367464,-4.0036048
4.4439998,-0.56907838,-0.58514188,-6.5982307,-5.6499907,-4.0227277
4.448,-0.56212591,-0.58877111,-6.5935841,-5.6628869,-4.0424681
4.4520001,-0.55564124,-0.59182095,-6.5882328,-5.6758154,-4.0631653
4.4559999,-0.5496583,-0.59426687,-6.5821856,-5.689018,-4.085065
4.46,-0.54420767,-0.59609969,-6.5754553,-5.7025703,-4.1082611
4.4640002,-0.5393156,-0.5973221,-6.5680616,-5.7163736,-4.1326628
4.4679999,-0.53500468,-0.59794832,-6.5600269,-5.7301879,-4.1579988
4.4720001,-0.53129467,-0.59800797,-6.5513805,-5.7436929,-4.1838576
4.4759998,-0.52819914,-0.59754094,-6.5421559,-5.7565641,-4.2097458
4.48,-0.52572933,-0.5966011,-6.5323899,-5.7685521,-4.2351783
4.4840002,-0.5238899,-0.59525065,-6.5221238,-5.7795351,-4.2597603
4.4879999,-0.52268328,-0.59356184,-6.511403,-5.7895607,-4.2832629
4.4920001,-0.52210587,-0.59161513,-6.5002761,-5.7988345,-4.30566
4.4959998,-0.52215049,-0.58949711,-6.4887944,-5.8076779,-4.3271509
4.5,-0.52280511,-0.58729953,-6.4770105,-5.8164611,-4.3481198
4.5040002,-0.52405333,-0.58511438,-6.4649804,-5.825524,-4.3690759
4.5079999,-0.5258739,-0.58303884,-6.4527618,-5.8350956,-4.3905683
4.5120001,-0.52824175,-0.5811641,-6.4404112,-5.8452442,-4.4130886
4.5159998,-0.53112885,-0.57958141,-6.4279888,-5.8558573,-4.4369863
4.52,-0.53450183,-0.57837768,-6.415553,-5.8666547,-4.4624088
4.5240002,-0.53832352,-0.57763217,-6.403163,-5.8772469,-4.4892737
4.5279999,-0.54255427,-0.5774151,-6.3908759,-5.8872127,-4.5172807
4.5320001,-0.54715063,-0.57778908,-6.3787493,-5.8961899,-4.5459632
4.5359998,-0.55206618,-0.57880571,-6.3668395,-5.9039494,-4.5747741
4.54,-0.55725101,-0.58050376,-6.355199,-5.9104469,-4.6031785
4.5440001,-0.56265554,-0.58290961,-6.3438798,-5.9158417,-4.6307548
4.5479999,-0.56822481,-0.58603633,-6.3329311,-5.9204637,-4.657277
4.552,-0.57390528,-0.58988498,-6.3223979,-5.924752,-4.6827575
4.5560002,-0.57964052,-0.59444002,-6.3123249,-5.9291738,-4.7074563
4.5599999,-0.58537303,-0.59967385,-6.3027517,-5.9341289,-4.7318313
4.5640001,-0.59104701,-0.60554487,-6.2937133,-5.9398815,-4.7564728
4.5679998,-0.59660529,-0.61199948,-6.2852427,-5.946518,-4.7819902
4.572,-0.60199152,-0.61897104,-6.2773671,-5.9539363,-4.8089193
4.5760002,-0.60715089,-0.62638293,-6.270112,-5.9618822,-4.8376161
4.5799999,-0.61203029,-0.63414972,-6.2634969,-5.9700197,-4.8682075
4.5840001,-0.61657807,-0.64217527,-6.2575359,-5.9779993,-4.9005613
4.5879998,-0.6207459,-0.65036146,-6.2522412,-5.9855507,-4.9343123
4.592,-0.62448805,-0.65860302,-6.2476181,-5.9925376,-4.9689311
4.5960002,-0.62776191,-0.66679226,-6.2436691,-5.9989835,-5.0038165
4.5999999,-0.63052836,-0.67482283,-6.2403899,-6.0050649,-5.0384144
4.6040001,-0.63275408,-0.6825907,-6.2377733,-6.0110574,-5.0723166
4.6079998,-0.63440941,-0.68999608,-6.2358088,-6.0172672,-5.1053562
4.612,-0.63546906,-0.69694442,-6.2344774,-6.0239464,-5.13764
4.6160002,-0.63591391,-0.70335068,-6.2337583,-6.0312217,-5.1695419
4.6199999,-0.63572859,-0.70914144,-6.2336265,-6.0390543,-5.2016515
4.6240001,-0.63490484,-0.71425331,-6.2340526,-6.0472328,-5.2346708
4.6279998,-0.63343991,-0.71863926,-6.235003,-6.0554069,-5.2693009
4.632,-0.6313358,-0.72226535,-6.2364389,-6.0631586,-5.3061162
4.6360002,-0.62860175,-0.72511527,-6.2383196,-6.0700936,-5.3454705
4.6399999,-0.62524949,-0.72718943,-6.2406016,-6.0759233,-5.3874345
4.6440001,-0.62130077,-0.72850212,-6.2432365,-6.0805423,-5.4317819
4.6479998,-0.61677796,-0.72908847,-6.2461736,-6.0840563,-5.4780263
4.652,-0.61171444,-0.72899557,-6.2493609,-6.0867685,-5.5255112
4.6560001,-0.60614164,-0.72829035,-6.2527428,-6.089127,-5.5735223
4.6599998,-0.60010063,-0.72705023,-6.2562626,-6.0916343,-5.6214296
4.664,-0.59363553,-0.72536541,-6.2598626,-6.0947439,-5.6688025
4.6680002,-0.5867931,-0.72333882,-6.2634825,-6.0987703,-5.715501
4.6719999,-0.57962446,-0.72107991,-6.267064,-6.1038227,-5.7617147
4.6760001,-0.57218515,-0.71870575,-6.2705464,-6.1097852,-5.8079411
4.6799998,-0.56453055,-0.7163364,-6.2738718,-6.1163426,-5.854907
4.684,-0.5567199,-0.71409489,-6.2769801,-6.1230517,-5.9034426
4.6880002,-0.54881257,-0.71210384,-6.2798154,-6.129441,-5.9543408
4.6919999,-0.54087101,-0.71048118,-6.2823211,-6.1351168,-6.0082174
4.6960001,-0.53295654,-0.70933939,-6.2844448,-6.1398588,-6.0654016
4.6999998,-0.5251315,-0.70878522,-6.2861366,-6.1436788,-6.1258665
4.704,-0.51745775,-0.70891323,-6.2873476,-6.1468225,-6.1892332
4.7080002,-0.50999532,-0.70980855,-6.2880347,-6.1497275,-6.2548235
4.7119999,-0.50280377,-0.71154212,-6.2881589,-6.1529377,-6.3217751
4.7160001,-0.49594159,-0.71416881,-6.2876834,-6.1569891,-6.389191
4.7199998,-0.48946122,-0.71772991,-6.2865777,-6.1622973,-6.4562986
4.724,-0.48341753,-0.72224838,-6.2848161,-6.1690736,-6.5225977
4.7280002,-0.47785892,-0.72772893,-6.2823796,-6.1772796,-6.587952
4.7319999,-0.47283124,-0.73416175,-6.2792499,-6.1866376,-6.6526242
4.7360001,-0.4683771,-0.74151467,-6.2754197,-6.1966908,-6.7172259
4.7399998,-0.46453334,-0.74974152,-6.2708848,-6.2069066,-6.782601
4.744,-0.46133425,-0.75877863,-6.2656465,-6.216795,-6.849664
4.7480001,-0.45880869,-0.7685444,-6.2597128,-6.2260271,-6.9192137
4.7519999,-0.45698034,-0.77894448,-6.2530977,-6.2345131,-6.9917596
4.756,-0.4558684,-0.78987091,-6.2458196,-6.2424331,-7.0673935
4.7600002,-0.45548662,-0.80120385,-6.2379024,-6.2502103,-7.1457278
4.7639999,-0.45584215,-0.81281484,-6.229378,-6.2584221,-7.2259098
4.7680001,-0.4569389,-0.82456907,-6.2202792,-6.2676866,-7.3067195
4.7719998,-0.45877369,-0.83632536,-6.2106464,-6.278528,-7.3867316
4.776,-0.46133739,-0.84794379,-6.2005241,-6.2912676,-7.464526
4.7800002,-0.4646171,-0.85928465,-6.1899598,-6.3059523,-7.5388935
4.7839999,-0.46859342,-0.87021177,-6.1790048,-6.3223424,-7.6090148
4.7880001,-0.47323931,-0.88059716,-6.1677134,-6.339959,-7.6745578
4.7919998,-0.47852489,-0.89032355,-6.1561443,-6.3581834,-7.7356725
4.796,-0.4844155,-0.89928513,-6.1443565,-6.3763929,-7.7928908
4.8000002,-0.49086857,-0.90739356,-6.1324123,-6.3940923,-7.8469267
4.8039999,-0.49783971,-0.91457534,-6.1203736,-6.411025,-7.8984349
4.8080001,-0.50527734,-0.92077866,-6.1083045,-6.4272283,-7.9477655
4.8119998,-0.51312648,-0.92597204,-6.0962695,-6.4430198,-7.9947641
4.816,-0.52132844,-0.93014639,-6.084331,-6.4589158,-8.0386575
4.8200002,-0.52982248,-0.93331445,-6.0725534,-6.4755003,-8.0780548
4.8239999,-0.5385397,-0.93551182,-6.0609975,-6.4932686,-8.1110687
4.8280001,-0.54741428,-0.93679705,-6.0497246,-6.5124771,-8.1355475
4.8319998,-0.55637436,-0.93724839,-6.0387935,-6.5330352,-8.1493798
4.836,-0.56534712,-0.93696512,-6.0282587,-6.5544634,-8.1508125
4.8400002,-0.57425945,-0.93606344,-6.0181753,-6.5759136,-8.1387215
4.8439999,-0.58303811,-0.93467497,-6.0085922,-6.5962662,-8.1127651
4.848,-0.59160688,-0.93294423,-5.9995563,-6.6142758,-8.0733962
4.8520002,-0.5998927,-0.9310265,-5.9911111,-6.6287258,-8.0217121
4.8559999,-0.60782458,-0.92908384,-5.9832943,-6.6385684,-7.9591939
4.8600001,-0.61533056,-0.92728146,-5.9761404,-6.6430021,-7.8873948
4.8639998,-0.62234463,-0.92578435,-5.9696798,-6.6414733,-7.8076369
4.868,-0.62880126,-0.92475619,-5.9639361,-6.6335912,-7.7207919
4.8720002,-0.63464135,-0.92435477,-5.9589312,-6.618979,-7.6271778
4.8759999,-0.63980789,-0.92472914,-5.9546789,-6.597104,-7.5265948
4.8800001,-0.64425041,-0.92601669,-5.951188,-6.5671243,-7.418476
4.8839998,-0.64792515,-0.92834029,-5.9484643,-6.5278149,-7.3021331
4.888,-0.65079237,-0.93180671,-5.9465041,-6.4776016,-7.1770351
4.8920002,-0.65282161,-0.9365035,-5.9453005,-6.4147195,-7.0430562
4.8959999,-0.65398636,-0.94249964,-5.9448443,-6.3374757,-6.9006533
4.9000001,-0.65426994,-0.94984111,-5.9451155,-6.2445827,-6.7509178
4.9039998,-0.65366413,-0.95855152,-5.9460896,-6.1354783,-6.5955046
4.908,-0.6521649,-0.96863178,-5.9477383,-6.0105661,-6.4364532
4.9120002,-0.64977943,-0.98005691,-5.9500282,-5.8713115,-6.2759423
4.9159999,-0.64652192,-0.99278115,-5.9529198,-5.7201655,-6.1160301
4.9200001,-0.64241446,-1.0067343,-5.9563692,-5.5603429,-5.9584262
4.9239998,-0.63748625,-1.0218224,-5.9603265,-5.3954916,-5.8043343
4.928,-0.63177494,-1.037933,-5.9647387,-5.2293394,-5.6543806
4.9320002,-0.62532522,-1.0549324,-5.9695476,-5.0653678,-5.5086359
4.9359999,-0.61818803,-1.0726705,-5.9746917,-4.9065673,-5.3667239
4.9400001,-0.61042147,-1.0909803,-5.9801062,-4.755302,-5.2279834
4.9439998,-0.60208789,-1.1096853,-5.9857215,-4.6132556,-5.0916718
4.948,-0.59325768,-1.1285989,-5.9914691,-4.4814821,-4.9571645
4.9520001,-0.58400294,-1.14753,-5.9972729,-4.3605015,-4.8241147
4.9559999,-0.57440109,-1.1662847,-6.0030587,-4.2504357,-4.6925572
4.96,-0.56453418,-1.184672,-6.0087511,-4.1511488,-4.5629328
4.9640002,-0.55448516,-1.2025077,-6.0142735,-4.062366,-4.4360304
4.9679999,-0.54433903,-1.2196179,-6.0195471,-3.9837561,-4.312864
4.9720001,-0.53418244,-1.2358429,-6.0244976,-3.9149783,-4.194515
4.9759998,-0.52410352,-1.2510426,-6.0290488,-3.8556845,-4.0819514
4.98,-0.51418888,-1.2650979,-6.0331291,-3.8054794,-3.9758784
4.9840002,-0.50452422,-1.2779147,-6.0366664,-3.7638807,-3.8766288
4.9879999,-0.4951947,-1.289427,-6.0395939,-3.7302576,-3.7841081
4.9920001,-0.48628299,-1.2995987,-6.041848,-3.7038076,-3.6978122
4.9959998,-0.47786841,-1.3084247,-6.0433704,-3.6835508,-3.6169036
5,-0.47002859,-1.3159309,-6.0441057,-3.6683714,-3.5403424
