Column1,Column2,Column3,Column4,column5,Column6
                 Frequency                      ,S11(S)_Ry80,S11_Shifted,S11(S)_Rx80,S11_Shifted,S11(M)_Rx80
1,-0.15863286,-0.19714842,-0.187290999,-0.23566398,-0.181225601
1.0039999,-0.17789064,-0.2164062,-0.20558589,-0.25492176,-0.196034833
1.008,-0.19714842,-0.23566398,-0.223880781,-0.27417954,-0.210844066
1.012,-0.2164062,-0.25492176,-0.242175672,-0.29343732,-0.225653299
1.016,-0.23566398,-0.27417954,-0.260470563,-0.3126951,-0.240462532
1.02,-0.25492176,-0.29343732,-0.278765454,-0.33195288,-0.255271765
1.024,-0.27417954,-0.3126951,-0.297060345,-0.35121066,-0.270080998
1.028,-0.29343732,-0.33195288,-0.315355236,-0.37046844,-0.28489023
1.0319999,-0.3126951,-0.35121066,-0.333650127,-0.38972622,-0.299699463
1.036,-0.33195288,-0.37046844,-0.351945018,-0.408984,-0.314508696
1.04,-0.35121066,-0.38972622,-0.370239909,-0.42824178,-0.329317929
1.044,-0.37046844,-0.408984,-0.3885348,-0.44749956,-0.344127162
1.048,-0.38972622,-0.42824178,-0.406829691,-0.46675734,-0.358936394
1.052,-0.408984,-0.44749956,-0.425124582,-0.48601512,-0.373745627
1.056,-0.42824178,-0.46675734,-0.443419473,-0.5052729,-0.38855486
1.0599999,-0.44749956,-0.48601512,-0.461714364,-0.52453068,-0.403364093
1.064,-0.46675734,-0.5052729,-0.480009255,-0.54378846,-0.418173326
1.068,-0.48601512,-0.52453068,-0.498304146,-0.56304624,-0.432982559
1.072,-0.5052729,-0.54378846,-0.516599037,-0.58230402,-0.447791791
1.076,-0.52453068,-0.56304624,-0.534893928,-0.59965976,-0.461138355
1.08,-0.54378846,-0.58230402,-0.553188819,-0.6170155,-0.47448492
1.084,-0.56304624,-0.59965976,-0.569676772,-0.63437124,-0.487831484
1.0880001,-0.58230402,-0.6170155,-0.586164725,-0.65172698,-0.501178048
1.092,-0.59965976,-0.63437124,-0.602652678,-0.66908272,-0.514524612
1.096,-0.6170155,-0.65172698,-0.619140631,-0.68643846,-0.527871176
1.1,-0.63437124,-0.66908272,-0.635628584,-0.7037942,-0.54121774
1.104,-0.65172698,-0.68643846,-0.652116537,-0.72114994,-0.554564304
1.108,-0.66908272,-0.7037942,-0.66860449,-0.73850568,-0.567910868
1.112,-0.68643846,-0.72114994,-0.685092443,-0.75586142,-0.581257432
1.1160001,-0.7037942,-0.73850568,-0.701580396,-0.77321716,-0.594603996
1.12,-0.72114994,-0.75586142,-0.718068349,-0.7905729,-0.60795056
1.124,-0.73850568,-0.77321716,-0.734556302,-0.80792864,-0.621297124
1.128,-0.75586142,-0.7905729,-0.751044255,-0.82528438,-0.634643688
1.132,-0.77321716,-0.80792864,-0.767532208,-0.84264012,-0.647990252
1.136,-0.7905729,-0.82528438,-0.784020161,-0.85999586,-0.661336816
1.14,-0.80792864,-0.84264012,-0.800508114,-0.8773516,-0.67468338
1.1440001,-0.82528438,-0.85999586,-0.816996067,-0.89470734,-0.688029944
1.148,-0.84264012,-0.8773516,-0.83348402,-0.91206308,-0.701376509
1.152,-0.85999586,-0.89470734,-0.849971973,-0.92941882,-0.714723073
1.156,-0.8773516,-0.91206308,-0.866459926,-0.94677456,-0.728069637
1.16,-0.89470734,-0.92941882,-0.882947879,-0.9641303,-0.741416201
1.164,-0.91206308,-0.94677456,-0.899435832,-0.98148604,-0.754762765
1.168,-0.92941882,-0.9641303,-0.915923785,-0.99884178,-0.768109329
1.1720001,-0.94677456,-0.98148604,-0.932411738,-1.01619752,-0.781455893
1.176,-0.9641303,-0.99884178,-0.948899691,-0.99693974,-0.76664666
1.1799999,-0.98148604,-1.01619752,-0.965387644,-0.97768196,-0.751837427
1.184,-0.99884178,-0.99693974,-0.947092753,-0.95842418,-0.737028194
1.188,-1.01619752,-0.97768196,-0.928797862,-0.9391664,-0.722218962
1.192,-0.99693974,-0.95842418,-0.910502971,-0.91990862,-0.707409729
1.196,-0.97768196,-0.9391664,-0.89220808,-0.90065084,-0.692600496
1.2,-0.95842418,-0.91990862,-0.873913189,-0.88139306,-0.677791263
1.204,-0.9391664,-0.90065084,-0.855618298,-0.86213528,-0.66298203
1.2079999,-0.91990862,-0.88139306,-0.837323407,-0.8428775,-0.648172798
1.212,-0.90065084,-0.86213528,-0.819028516,-0.82361972,-0.633363565
1.216,-0.88139306,-0.8428775,-0.800733625,-0.80436194,-0.618554332
1.22,-0.86213528,-0.82361972,-0.782438734,-0.78510416,-0.603745099
1.224,-0.8428775,-0.80436194,-0.764143843,-0.76584638,-0.588935866
1.228,-0.82361972,-0.78510416,-0.745848952,-0.7465886,-0.574126633
1.232,-0.80436194,-0.76584638,-0.727554061,-0.72733082,-0.559317401
1.2359999,-0.78510416,-0.7465886,-0.70925917,-0.70807304,-0.544508168
1.24,-0.76584638,-0.72733082,-0.690964279,-0.68881526,-0.529698935
1.244,-0.7465886,-0.70807304,-0.672669388,-0.66955748,-0.514889702
1.248,-0.72733082,-0.68881526,-0.654374497,-0.6502997,-0.500080469
1.252,-0.70807304,-0.66955748,-0.636079606,-0.63104192,-0.485271236
1.256,-0.68881526,-0.6502997,-0.617784715,-0.61178414,-0.470462004
1.26,-0.66955748,-0.63104192,-0.599489824,-0.59252636,-0.455652771
1.2640001,-0.6502997,-0.61178414,-0.581194933,-0.57326858,-0.440843538
1.268,-0.63104192,-0.59252636,-0.562900042,-0.5540108,-0.426034305
1.272,-0.61178414,-0.57326858,-0.544605151,-0.53475302,-0.411225072
1.276,-0.59252636,-0.5540108,-0.52631026,-0.51549524,-0.39641584
1.28,-0.57326858,-0.53475302,-0.508015369,-0.49623746,-0.381606607
1.284,-0.5540108,-0.51549524,-0.489720478,-0.47697968,-0.366797374
1.288,-0.53475302,-0.49623746,-0.471425587,-0.4577219,-0.351988141
1.2920001,-0.51549524,-0.47697968,-0.453130696,-0.43846412,-0.337178908
1.296,-0.49623746,-0.4577219,-0.434835805,-0.41920634,-0.322369675
1.3,-0.47697968,-0.43846412,-0.416540914,-0.39994856,-0.307560443
1.304,-0.4577219,-0.41920634,-0.398246023,-0.38069078,-0.29275121
1.308,-0.43846412,-0.39994856,-0.379951132,-0.361433,-0.277941977
1.312,-0.41920634,-0.38069078,-0.361656241,-0.34217522,-0.263132744
1.316,-0.39994856,-0.361433,-0.34336135,-0.32291744,-0.248323511
1.3200001,-0.38069078,-0.34217522,-0.325066459,-0.30365966,-0.233514279
1.324,-0.361433,-0.32291744,-0.306771568,-0.28440188,-0.218705046
1.3279999,-0.34217522,-0.30365966,-0.288476677,-0.2651441,-0.203895813
1.332,-0.32291744,-0.28440188,-0.270181786,-0.24588632,-0.18908658
1.336,-0.30365966,-0.2651441,-0.251886895,-0.22662854,-0.174277347
1.34,-0.28440188,-0.24588632,-0.233592004,-0.20737076,-0.159468114
1.344,-0.2651441,-0.22662854,-0.215297113,-0.18811298,-0.144658882
1.348,-0.24588632,-0.20737076,-0.197002222,-0.1688552,-0.129849649
1.352,-0.22662854,-0.18811298,-0.178707331,-0.14959742,-0.115040416
1.3559999,-0.20737076,-0.1688552,-0.16041244,-0.13033964,-0.100231183
1.36,-0.18811298,-0.14959742,-0.142117549,-0.11108186,-0.08542195
1.364,-0.1688552,-0.13033964,-0.123822658,-0.09182408,-0.070612718
1.368,-0.14959742,-0.11108186,-0.105527767,-0.0725663,-0.055803485
1.372,-0.13033964,-0.09182408,-0.087232876,-0.05330852,-0.040994252
1.376,-0.11108186,-0.0725663,-0.068937985,-0.03405074,-0.026185019
1.38,-0.09182408,-0.05330852,-0.050643094,-0.01479296,-0.011375786
1.3839999,-0.0725663,-0.03405074,-0.032348203,-0.0321487,-0.02472235
1.388,-0.05330852,-0.01479296,-0.014053312,-0.04950444,-0.038068914
1.392,-0.03405074,-0.0321487,-0.030541265,-0.06686018,-0.051415478
1.396,-0.01479296,-0.04950444,-0.047029218,-0.08421592,-0.064762042
1.4,-0.0321487,-0.06686018,-0.063517171,-0.10157166,-0.078108607
1.404,-0.04950444,-0.08421592,-0.080005124,-0.1189274,-0.091455171
1.408,-0.06686018,-0.10157166,-0.096493077,-0.13628314,-0.104801735
1.4119999,-0.08421592,-0.1189274,-0.11298103,-0.15363888,-0.118148299
1.416,-0.10157166,-0.13628314,-0.129468983,-0.17099462,-0.131494863
1.42,-0.1189274,-0.15363888,-0.145956936,-0.18835036,-0.144841427
1.424,-0.13628314,-0.17099462,-0.162444889,-0.2057061,-0.158187991
1.428,-0.15363888,-0.18835036,-0.178932842,-0.22306184,-0.171534555
1.432,-0.17099462,-0.2057061,-0.195420795,-0.24041758,-0.184881119
1.436,-0.18835036,-0.22306184,-0.211908748,-0.25777332,-0.198227683
1.4400001,-0.2057061,-0.24041758,-0.228396701,-0.27512906,-0.211574247
1.444,-0.22306184,-0.25777332,-0.244884654,-0.2924848,-0.224920811
1.448,-0.24041758,-0.27512906,-0.261372607,-0.31174258,-0.239730044
1.452,-0.25777332,-0.2924848,-0.27786056,-0.32411305,-0.249242935
1.456,-0.27512906,-0.31174258,-0.296155451,-0.32580574,-0.250544614
1.46,-0.2924848,-0.32411305,-0.307907398,-0.32065535,-0.246583964
1.464,-0.31174258,-0.32580574,-0.309515453,-0.31728731,-0.243993941
1.4680001,-0.32411305,-0.32065535,-0.304622583,-0.32302502,-0.24840624
1.472,-0.32580574,-0.31728731,-0.301422945,-0.33889375,-0.260609294
1.476,-0.32065535,-0.32302502,-0.306873769,-0.35901884,-0.276085488
1.48,-0.31728731,-0.33889375,-0.321949063,-0.37474198,-0.288176583
1.484,-0.32302502,-0.35901884,-0.341067898,-0.38067682,-0.292740475
1.488,-0.33889375,-0.37474198,-0.356004881,-0.37847362,-0.291046214
1.492,-0.35901884,-0.38067682,-0.361642979,-0.37554499,-0.288794097
1.4960001,-0.37474198,-0.37847362,-0.359549939,-0.37977084,-0.292043776
1.5,-0.38067682,-0.37554499,-0.356767741,-0.39405475,-0.303028103
1.5039999,-0.37847362,-0.37977084,-0.360782298,-0.41441413,-0.318684466
1.508,-0.37554499,-0.39405475,-0.374352013,-0.43278297,-0.332810104
1.512,-0.37977084,-0.41441413,-0.393693424,-0.44265154,-0.340399034
1.516,-0.39405475,-0.43278297,-0.411143822,-0.44363124,-0.341152424
1.52,-0.41441413,-0.44265154,-0.420518963,-0.44166039,-0.33963684
1.524,-0.43278297,-0.44363124,-0.421449678,-0.44474154,-0.342006244
1.528,-0.44265154,-0.44166039,-0.419577371,-0.45737569,-0.351721906
1.5319999,-0.44363124,-0.44474154,-0.422504463,-0.47755044,-0.367236288
1.536,-0.44166039,-0.45737569,-0.434506906,-0.4982016,-0.38311703
1.54,-0.44474154,-0.47755044,-0.453672918,-0.51214538,-0.393839797
1.544,-0.45737569,-0.4982016,-0.47329152,-0.51711785,-0.397663627
1.548,-0.47755044,-0.51214538,-0.486538111,-0.51732101,-0.397819857
1.552,-0.4982016,-0.51711785,-0.491261958,-0.52036683,-0.400162092
1.556,-0.51214538,-0.51732101,-0.49145496,-0.53192873,-0.409053193
1.5599999,-0.51711785,-0.52036683,-0.494348489,-0.55187567,-0.42439239
1.564,-0.51732101,-0.53192873,-0.505332294,-0.57442609,-0.441733663
1.568,-0.52036683,-0.55187567,-0.524281887,-0.59218139,-0.455387489
1.572,-0.53192873,-0.57442609,-0.545704786,-0.60130775,-0.46240566
1.576,-0.55187567,-0.59218139,-0.562572321,-0.60420914,-0.464636829
1.58,-0.57442609,-0.60130775,-0.571242363,-0.60776566,-0.467371793
1.584,-0.59218139,-0.60420914,-0.573998683,-0.61847024,-0.475603615
1.5880001,-0.60130775,-0.60776566,-0.577377377,-0.63797307,-0.490601291
1.592,-0.60420914,-0.61847024,-0.587546728,-0.66201071,-0.509086236
1.596,-0.60776566,-0.63797307,-0.606074417,-0.68338885,-0.525526026
1.6,-0.61847024,-0.66201071,-0.628910175,-0.69700073,-0.535993561
1.604,-0.63797307,-0.68338885,-0.649219408,-0.70339767,-0.540912808
1.608,-0.66201071,-0.69700073,-0.662150694,-0.70834336,-0.544716044
1.612,-0.68338885,-0.70339767,-0.668227787,-0.71871477,-0.552691658
1.6160001,-0.69700073,-0.70834336,-0.672926192,-0.73773707,-0.567319807
1.62,-0.70339767,-0.71871477,-0.682779032,-0.76283343,-0.586618908
1.624,-0.70834336,-0.73773707,-0.700850217,-0.78744523,-0.605545382
1.628,-0.71871477,-0.76283343,-0.724691759,-0.80560892,-0.619513259
1.632,-0.73773707,-0.78744523,-0.748072969,-0.81613795,-0.627610084
1.636,-0.76283343,-0.80560892,-0.765328474,-0.82341564,-0.633206627
1.64,-0.78744523,-0.81613795,-0.775331053,-0.8342613,-0.64154694
1.6440001,-0.80560892,-0.82341564,-0.782244858,-0.85317298,-0.656090022
1.648,-0.81613795,-0.8342613,-0.792548235,-0.87926585,-0.676155439
1.652,-0.82341564,-0.85317298,-0.810514331,-0.90692959,-0.697428855
1.656,-0.8342613,-0.87926585,-0.835302558,-0.92972622,-0.714959463
1.66,-0.85317298,-0.90692959,-0.861583111,-0.94488753,-0.726618511
1.664,-0.87926585,-0.92972622,-0.883239909,-0.95524255,-0.734581521
1.668,-0.90692959,-0.94488753,-0.897643154,-0.9671765,-0.743758729
1.6720001,-0.92972622,-0.95524255,-0.907480423,-0.98615681,-0.758354587
1.676,-0.94488753,-0.9671765,-0.918817675,-1.0129942,-0.77899254
1.6799999,-0.95524255,-0.98615681,-0.93684897,-1.0433418,-0.802329844
1.684,-0.9671765,-1.0129942,-0.96234449,-1.0707225,-0.823385603
1.688,-0.98615681,-1.0433418,-0.99117471,-1.0910518,-0.839018834
1.692,-1.0129942,-1.0707225,-1.017186375,-1.10549,-0.85012181
1.696,-1.0433418,-1.0910518,-1.03649921,-1.119589,-0.860963941
1.7,-1.0707225,-1.10549,-1.0502155,-1.1393635,-0.876170532
1.704,-1.0910518,-1.119589,-1.06360955,-1.1671458,-0.89753512
1.7079999,-1.10549,-1.1393635,-1.082395325,-1.2000203,-0.922815611
1.712,-1.119589,-1.1671458,-1.10878851,-1.2318624,-0.947302186
1.716,-1.1393635,-1.2000203,-1.140019285,-1.2576036,-0.967097168
1.72,-1.1671458,-1.2318624,-1.17026928,-1.2767862,-0.981848588
1.724,-1.2000203,-1.2576036,-1.19472342,-1.2938669,-0.994983646
1.728,-1.2318624,-1.2767862,-1.21294689,-1.3150592,-1.011280525
1.732,-1.2576036,-1.2938669,-1.229173555,-1.3440243,-1.033554687
1.7359999,-1.2767862,-1.3150592,-1.24930624,-1.3793865,-1.060748219
1.74,-1.2938669,-1.3440243,-1.276823085,-1.4157019,-1.088674761
1.744,-1.3150592,-1.3793865,-1.310417175,-1.4472357,-1.112924253
1.748,-1.3440243,-1.4157019,-1.344916805,-1.471968,-1.131943392
1.752,-1.3793865,-1.4472357,-1.374873915,-1.4930049,-1.148120768
1.756,-1.4157019,-1.471968,-1.3983696,-1.5163698,-1.166088376
1.76,-1.4472357,-1.4930049,-1.418354655,-1.5468108,-1.189497505
1.7640001,-1.471968,-1.5163698,-1.44055131,-1.5845514,-1.218520027
1.768,-1.4930049,-1.5468108,-1.46947026,-1.6251742,-1.24975896
1.772,-1.5163698,-1.5845514,-1.50532383,-1.6626738,-1.278596152
1.776,-1.5468108,-1.6251742,-1.54391549,-1.6936429,-1.30241139
1.78,-1.5845514,-1.6626738,-1.57954011,-1.7196596,-1.322418232
1.784,-1.6251742,-1.6936429,-1.608960755,-1.746161,-1.342797809
1.788,-1.6626738,-1.7196596,-1.63367662,-1.7786333,-1.367769008
1.7920001,-1.6936429,-1.746161,-1.65885295,-1.8188467,-1.398693112
1.796,-1.7196596,-1.7786333,-1.689701635,-1.8636717,-1.433163537
1.8,-1.746161,-1.8188467,-1.727904365,-1.9072462,-1.466672328
1.804,-1.7786333,-1.8636717,-1.770488115,-1.9450553,-1.495747526
1.808,-1.8188467,-1.9072462,-1.81188389,-1.9770929,-1.52038444
1.812,-1.8636717,-1.9450553,-1.847802535,-2.0078612,-1.544045263
1.816,-1.9072462,-1.9770929,-1.878238255,-2.0432019,-1.571222261
1.8200001,-1.9450553,-2.0078612,-1.90746814,-2.0862552,-1.604330249
1.824,-1.9770929,-2.0432019,-1.941041805,-2.1353245,-1.642064541
1.8279999,-2.0078612,-2.0862552,-1.98194244,-2.1850566,-1.680308525
1.832,-2.0432019,-2.1353245,-2.028558275,-2.2301443,-1.714980967
1.836,-2.0862552,-2.1850566,-2.07580377,-2.2690454,-1.744895913
1.84,-2.1353245,-2.2301443,-2.118637085,-2.3050753,-1.772602906
1.844,-2.1850566,-2.2690454,-2.15559313,-2.344074,-1.802592906
1.848,-2.2301443,-2.3050753,-2.189821535,-2.3903546,-1.838182687
1.852,-2.2690454,-2.344074,-2.2268703,-2.4437453,-1.879240136
1.8559999,-2.3050753,-2.3903546,-2.27083687,-2.4997232,-1.922287141
1.86,-2.344074,-2.4437453,-2.321558035,-2.5525273,-1.962893494
1.864,-2.3903546,-2.4997232,-2.37473704,-2.5991757,-1.998766113
1.868,-2.4437453,-2.5525273,-2.424900935,-2.6415799,-2.031374943
1.872,-2.4997232,-2.5991757,-2.469216915,-2.6852033,-2.064921338
1.876,-2.5525273,-2.6415799,-2.509500905,-2.7352641,-2.103418093
1.88,-2.5991757,-2.6852033,-2.550943135,-2.7931447,-2.147928274
1.8839999,-2.6415799,-2.7352641,-2.598500895,-2.8554514,-2.195842127
1.888,-2.6852033,-2.7931447,-2.653487465,-2.9163415,-2.242666614
1.892,-2.7352641,-2.8554514,-2.71267883,-2.9715768,-2.285142559
1.896,-2.7931447,-2.9163415,-2.770524425,-3.0215133,-2.323543728
1.9,-2.8554514,-2.9715768,-2.82299796,-3.0708719,-2.361500491
1.904,-2.9163415,-3.0215133,-2.870437635,-3.1254532,-2.403473511
1.908,-2.9715768,-3.0708719,-2.917328305,-3.1881281,-2.451670509
1.9119999,-3.0215133,-3.1254532,-2.96918054,-3.2568814,-2.504541797
1.916,-3.0708719,-3.1881281,-3.028721695,-3.3261721,-2.557826345
1.92,-3.1254532,-3.2568814,-3.09403733,-3.3907562,-2.607491518
1.924,-3.1881281,-3.3261721,-3.159863495,-3.4493682,-2.652564146
1.928,-3.2568814,-3.3907562,-3.22121839,-3.5056389,-2.695836314
1.932,-3.3261721,-3.4493682,-3.27689979,-3.5655763,-2.741928175
1.936,-3.3907562,-3.5056389,-3.330356955,-3.6334086,-2.794091213
1.9400001,-3.4493682,-3.5655763,-3.387297485,-3.708685,-2.851978765
1.944,-3.5056389,-3.6334086,-3.45173817,-3.7865717,-2.911873637
1.948,-3.5655763,-3.708685,-3.52325075,-3.8611568,-2.969229579
1.952,-3.6334086,-3.7865717,-3.597243115,-3.9295848,-3.021850711
1.956,-3.708685,-3.8611568,-3.66809896,-3.9940956,-3.071459516
1.96,-3.7865717,-3.9295848,-3.73310556,-4.060491,-3.122517579
1.964,-3.8611568,-3.9940956,-3.79439082,-4.1341109,-3.179131282
1.9680001,-3.9295848,-4.060491,-3.85746645,-4.21616,-3.24222704
1.972,-3.9940956,-4.1341109,-3.927405355,-4.3028602,-3.308899494
1.976,-4.060491,-4.21616,-4.005352,-4.3880149,-3.374383458
1.98,-4.1341109,-4.3028602,-4.08771719,-4.4673036,-3.435356468
1.984,-4.21616,-4.3880149,-4.168614155,-4.5413579,-3.492304225
1.988,-4.3028602,-4.4673036,-4.24393842,-4.6153734,-3.549222145
1.992,-4.3880149,-4.5413579,-4.314290005,-4.6955113,-3.61084819
1.9960001,-4.4673036,-4.6153734,-4.38460473,-4.7846527,-3.679397926
2,-4.5413579,-4.6955113,-4.460735735,-4.880398,-3.753026062
2.0039999,-4.6153734,-4.7846527,-4.545420065,-4.9766632,-3.827054001
2.0079999,-4.6955113,-4.880398,-4.6363781,-5.0678631,-3.897186724
2.0120001,-4.7846527,-4.9766632,-4.72783004,-5.1528555,-3.96254588
2.016,-4.880398,-5.0678631,-4.814469945,-5.2358226,-4.026347579
2.02,-4.9766632,-5.1528555,-4.895212725,-5.3233979,-4.093692985
2.0239999,-5.0678631,-5.2358226,-4.97403147,-5.4200903,-4.168049441
2.0280001,-5.1528555,-5.3233979,-5.057228005,-5.5251754,-4.248859883
2.0320001,-5.2358226,-5.4200903,-5.149085785,-5.6331254,-4.331873433
2.036,-5.3233979,-5.5251754,-5.24891663,-5.7373686,-4.412036453
2.04,-5.4200903,-5.6331254,-5.35146913,-5.8348879,-4.487028795
2.0439999,-5.5251754,-5.7373686,-5.45050017,-5.9284252,-4.558958979
2.0480001,-5.6331254,-5.8348879,-5.543143505,-6.0246339,-4.632943469
2.052,-5.7373686,-5.9284252,-5.63200394,-6.129493,-4.713580117
2.056,-5.8348879,-6.0246339,-5.723402205,-6.2441811,-4.801775266
2.0599999,-5.9284252,-6.129493,-5.82301835,-6.3642084,-4.89407626
2.0639999,-6.0246339,-6.2441811,-5.931972045,-6.482424,-4.984984056
2.0680001,-6.129493,-6.3642084,-6.04599798,-6.5939795,-5.070770236
2.072,-6.2441811,-6.482424,-6.1583028,-6.6998273,-5.152167194
2.076,-6.3642084,-6.5939795,-6.264280525,-6.8061644,-5.233940424
2.0799999,-6.482424,-6.6998273,-6.364835935,-6.9201728,-5.321612883
2.0840001,-6.5939795,-6.8061644,-6.46585618,-7.0450717,-5.417660137
2.0880001,-6.6998273,-6.9201728,-6.57416416,-7.1778435,-5.519761652
2.092,-6.8061644,-7.0450717,-6.692818115,-7.3111969,-5.622310416
2.096,-6.9201728,-7.1778435,-6.818951325,-7.4385678,-5.720258638
2.0999999,-7.0450717,-7.3111969,-6.945637055,-7.5587976,-5.812715354
2.1040001,-7.1778435,-7.4385678,-7.06663941,-7.6771059,-5.903694437
2.108,-7.3111969,-7.5587976,-7.18085772,-7.8015447,-5.999387874
2.112,-7.4385678,-7.6771059,-7.293250605,-7.9374524,-6.103900896
2.1159999,-7.5587976,-7.8015447,-7.411467465,-8.0837455,-6.21640029
2.1199999,-7.6771059,-7.9374524,-7.54057978,-8.233533,-6.331586877
2.1240001,-7.8015447,-8.0837455,-7.679558225,-8.3787704,-6.443274438
2.128,-7.9374524,-8.233533,-7.82185635,-8.5159378,-6.548756168
2.132,-8.0837455,-8.3787704,-7.95983188,-8.648709,-6.650857221
2.1359999,-8.233533,-8.5159378,-8.09014091,-8.7855335,-6.756075262
2.1400001,-8.3787704,-8.648709,-8.21627355,-8.933831,-6.870116039
2.1440001,-8.5159378,-8.7855335,-8.346256825,-9.0948551,-6.993943572
2.148,-8.648709,-8.933831,-8.48713945,-9.262689,-7.123007841
2.152,-8.7855335,-9.0948551,-8.640112345,-9.4281503,-7.250247581
2.1559999,-8.933831,-9.262689,-8.79955455,-9.585187,-7.371008803
2.1600001,-9.0948551,-9.4281503,-8.956742785,-9.7353616,-7.48649307
2.164,-9.262689,-9.585187,-9.10592765,-9.8870036,-7.603105768
2.168,-9.4281503,-9.7353616,-9.24859352,-10.049537,-7.728093953
2.1719999,-9.585187,-9.8870036,-9.39265342,-10.226992,-7.864556848
2.1760001,-9.7353616,-10.049537,-9.54706015,-10.415109,-8.009218821
2.1800001,-9.8870036,-10.226992,-9.7156424,-10.604028,-8.154497532
2.184,-10.049537,-10.415109,-9.89435355,-10.78504,-8.29369576
2.188,-10.226992,-10.604028,-10.0738266,-10.956933,-8.425881477
2.1919999,-10.415109,-10.78504,-10.245788,-11.127191,-8.556809879
2.1960001,-10.604028,-10.956933,-10.40908635,-11.307005,-8.695086845
2.2,-10.78504,-11.127191,-10.57083145,-11.503591,-8.846261479
2.204,-10.956933,-11.307005,-10.74165475,-11.715147,-9.008948043
2.2079999,-11.127191,-11.503591,-10.92841145,-11.931787,-9.175544203
2.2119999,-11.307005,-11.715147,-11.12938965,-12.142172,-9.337330268
2.2160001,-11.503591,-11.931787,-11.33519765,-12.341628,-9.490711932
2.22,-11.715147,-12.142172,-11.5350634,-12.535935,-9.640134015
2.224,-11.931787,-12.341628,-11.7245466,-12.737661,-9.795261309
2.2279999,-12.142172,-12.535935,-11.90913825,-12.957608,-9.964400552
2.2320001,-12.341628,-12.737661,-12.10077795,-13.197361,-10.14877061
2.2360001,-12.535935,-12.957608,-12.3097276,-13.447889,-10.34142664
2.24,-12.737661,-13.197361,-12.53749295,-13.695393,-10.53175722
2.244,-12.957608,-13.447889,-12.77549455,-13.931038,-10.71296822
2.2479999,-13.197361,-13.695393,-13.01062335,-14.157818,-10.88736204
2.2520001,-13.447889,-13.931038,-13.2344861,-14.389114,-11.06522867
2.256,-13.695393,-14.157818,-13.4499271,-14.639704,-11.25793238
2.26,-13.931038,-14.389114,-13.6696583,-14.915668,-11.47014869
2.2639999,-14.157818,-14.639704,-13.9077188,-15.209919,-11.69642771
2.2679999,-14.389114,-14.915668,-14.1698846,-15.506492,-11.92449235
2.2720001,-14.639704,-15.209919,-14.44942305,-15.791545,-12.14369811
2.276,-14.915668,-15.506492,-14.7311674,-16.063935,-12.35316602
2.28,-15.209919,-15.791545,-15.00196775,-16.337149,-12.56326758
2.2839999,-15.506492,-16.063935,-15.26073825,-16.630588,-12.78892217
2.2880001,-15.791545,-16.337149,-15.52029155,-16.956482,-13.03953466
2.2920001,-16.063935,-16.630588,-15.7990586,-17.31134,-13.31242046
2.296,-16.337149,-16.956482,-16.1086579,-17.677541,-13.59402903
2.3,-16.630588,-17.31134,-16.445773,-18.035049,-13.86895268
2.3039999,-16.956482,-17.677541,-16.79366395,-18.376499,-14.13152773
2.3080001,-17.31134,-18.035049,-17.13329655,-18.714382,-14.39135976
2.312,-17.677541,-18.376499,-17.45767405,-19.073795,-14.66774836
2.316,-18.035049,-18.714382,-17.7786629,-19.475893,-14.97696172
2.3199999,-18.376499,-19.073795,-18.12010525,-19.923608,-15.32125455
2.3239999,-18.714382,-19.475893,-18.50209835,-20.398666,-15.68657415
2.3280001,-19.073795,-19.923608,-18.9274276,-20.872987,-16.051327
2.332,-19.475893,-20.398666,-19.3787327,-21.329528,-16.40240703
2.336,-19.923608,-20.872987,-19.82933765,-21.778153,-16.74739966
2.3399999,-20.398666,-21.329528,-20.2630516,-22.25238,-17.11208022
2.3440001,-20.872987,-21.778153,-20.68924535,-22.788501,-17.52435727
2.348,-21.329528,-22.25238,-21.139761,-23.402257,-17.99633563
2.352,-21.778153,-22.788501,-21.64907595,-24.077409,-18.51552752
2.3559999,-22.25238,-23.402257,-22.23214415,-24.77417,-19.05133673
2.3599999,-22.788501,-24.077409,-22.87353855,-25.458049,-19.57723968
2.3640001,-23.402257,-24.77417,-23.5354615,-26.133133,-20.09637928
2.368,-24.077409,-25.458049,-24.18514655,-26.850611,-20.64811986
2.372,-24.77417,-26.133133,-24.82647635,-27.681899,-21.28738033
2.3759999,-25.458049,-26.850611,-25.50808045,-28.677083,-22.05267683
2.3800001,-26.133133,-27.681899,-26.29780405,-29.832386,-22.94110483
2.3840001,-26.850611,-28.677083,-27.24322885,-31.081313,-23.9015297
2.388,-27.681899,-29.832386,-28.3407667,-32.331506,-24.86292811
2.392,-28.677083,-31.081313,-29.52724735,-33.553504,-25.80264458
2.3959999,-29.832386,-32.331506,-30.7149307,-34.84191,-26.79342879
2.4000001,-31.081313,-33.553504,-31.8758288,-36.338454,-27.94427113
2.404,-32.331506,-34.84191,-33.0998145,-37.980078,-29.20667998
2.408,-33.553504,-36.338454,-34.5215313,-39.079736,-30.05231698
2.4119999,-34.84191,-37.980078,-36.0810741,-38.674106,-29.74038751
2.4159999,-36.338454,-39.079736,-37.1257492,-37.19507,-28.60300883
2.4200001,-37.980078,-38.674106,-36.7404007,-35.644911,-27.41093656
2.424,-39.079736,-37.19507,-35.3353165,-34.347281,-26.41305909
2.428,-38.674106,-35.644911,-33.86266545,-33.21782,-25.54450358
2.4319999,-37.19507,-34.347281,-32.62991695,-32.106308,-24.68975085
2.4360001,-35.644911,-33.21782,-31.556929,-30.962051,-23.80981722
2.4400001,-34.347281,-32.106308,-30.5009926,-29.848985,-22.95386947
2.444,-33.21782,-30.962051,-29.41394845,-28.859395,-22.19287476
2.448,-32.106308,-29.848985,-28.35653575,-28.039301,-21.56222247
2.4519999,-30.962051,-28.859395,-27.41642525,-27.369848,-21.04741311
2.4560001,-29.848985,-28.039301,-26.63733595,-26.78605,-20.59847245
2.46,-28.859395,-27.369848,-26.0013556,-26.215792,-20.15994405
2.464,-28.039301,-26.78605,-25.4467475,-25.622353,-19.70358946
2.4679999,-27.369848,-26.215792,-24.9050024,-25.02128,-19.24136432
2.4719999,-26.78605,-25.622353,-24.34123535,-24.458085,-18.80826737
2.4760001,-26.215792,-25.02128,-23.770216,-23.970057,-18.43297383
2.48,-25.622353,-24.458085,-23.23518075,-23.561975,-18.11915878
2.484,-25.02128,-23.970057,-22.77155415,-23.205274,-17.84485571
2.4879999,-24.458085,-23.561975,-22.38387625,-22.856829,-17.5769015
2.4920001,-23.970057,-23.205274,-22.0450103,-22.486776,-17.29233074
2.4960001,-23.561975,-22.856829,-21.71398755,-22.097016,-16.9926053
2.5,-23.205274,-22.486776,-21.3624372,-21.715849,-16.69948788
2.5039999,-22.856829,-22.097016,-20.9921652,-21.374753,-16.43718506
2.5079999,-22.486776,-21.715849,-20.63005655,-21.086579,-16.21557925
2.5120001,-22.097016,-21.374753,-20.30601535,-20.838309,-16.02465962
2.516,-21.715849,-21.086579,-20.03225005,-20.600252,-15.84159379
2.52,-21.374753,-20.838309,-19.79639355,-20.345834,-15.64594635
2.5239999,-21.086579,-20.600252,-19.5702394,-20.069342,-15.433324
2.5280001,-20.838309,-20.345834,-19.3285423,-19.788269,-15.21717886
2.5320001,-20.600252,-20.069342,-19.0658749,-19.528977,-15.01778331
2.536,-20.345834,-19.788269,-18.79885555,-19.307879,-14.84775895
2.54,-20.069342,-19.528977,-18.55252815,-19.121087,-14.7041159
2.5439999,-19.788269,-19.307879,-18.34248505,-18.947587,-14.5706944
2.5480001,-19.528977,-19.121087,-18.16503265,-18.763452,-14.42909459
2.552,-19.307879,-18.947587,-18.00020765,-18.558172,-14.27123427
2.556,-19.121087,-18.763452,-17.8252794,-18.341374,-14.10451661
2.5599999,-18.947587,-18.558172,-17.6302634,-18.134813,-13.9456712
2.5639999,-18.763452,-18.341374,-17.4243053,-17.956607,-13.80863078
2.5680001,-18.558172,-18.134813,-17.22807235,-17.809272,-13.69533017
2.572,-18.341374,-17.956607,-17.05877665,-17.678532,-13.59479111
2.576,-18.134813,-17.809272,-16.9188084,-17.543021,-13.49058315
2.5799999,-17.956607,-17.678532,-16.7946054,-17.388852,-13.37202719
2.5840001,-17.809272,-17.543021,-16.66586995,-17.21902,-13.24142638
2.5880001,-17.678532,-17.388852,-16.5194094,-17.050511,-13.11184296
2.592,-17.543021,-17.21902,-16.358069,-16.901762,-12.99745498
2.596,-17.388852,-17.050511,-16.19798545,-16.780102,-12.90389844
2.5999999,-17.21902,-16.901762,-16.0566739,-16.677246,-12.82480217
2.6040001,-17.050511,-16.780102,-15.9410969,-16.575073,-12.74623114
2.608,-16.901762,-16.677246,-15.8433837,-16.458018,-12.65621584
2.612,-16.780102,-16.575073,-15.74631935,-16.32384,-12.55303296
2.6159999,-16.677246,-16.458018,-15.6351171,-16.184775,-12.44609198
2.6199999,-16.575073,-16.32384,-15.507648,-16.058384,-12.3488973
2.6240001,-16.458018,-16.184775,-15.37553625,-15.955315,-12.26963724
2.628,-16.32384,-16.058384,-15.2554648,-15.872392,-12.20586945
2.632,-16.184775,-15.955315,-15.15754925,-15.794961,-12.14632501
2.6359999,-16.058384,-15.872392,-15.0787724,-15.706891,-12.07859918
2.6400001,-15.955315,-15.794961,-15.00521295,-15.601763,-11.99775575
2.6440001,-15.872392,-15.706891,-14.92154645,-15.487182,-11.90964296
2.648,-15.794961,-15.601763,-14.82167485,-15.378999,-11.82645023
2.652,-15.706891,-15.487182,-14.7128229,-15.290083,-11.75807383
2.6559999,-15.601763,-15.378999,-14.61004905,-15.221726,-11.70550729
2.6600001,-15.487182,-15.290083,-14.52557885,-15.162973,-11.66032624
2.664,-15.378999,-15.221726,-14.4606397,-15.098095,-11.61043506
2.668,-15.290083,-15.162973,-14.40482435,-15.017454,-11.54842213
2.6719999,-15.221726,-15.098095,-14.34319025,-14.924202,-11.47671134
2.6760001,-15.162973,-15.017454,-14.2665813,-14.831766,-11.40562805
2.6800001,-15.098095,-14.924202,-14.1779919,-14.754214,-11.34599057
2.684,-15.017454,-14.831766,-14.0901777,-14.696668,-11.30173769
2.688,-14.924202,-14.754214,-14.0165033,-14.652017,-11.26740107
2.6919999,-14.831766,-14.696668,-13.9618346,-14.605785,-11.23184867
2.6960001,-14.754214,-14.652017,-13.91941615,-14.546084,-11.1859386
2.7,-14.696668,-14.605785,-13.87549575,-14.471941,-11.12892263
2.704,-14.652017,-14.546084,-13.8187798,-14.393847,-11.06886834
2.7079999,-14.605785,-14.471941,-13.74834395,-14.326173,-11.01682704
2.7119999,-14.546084,-14.393847,-13.67415465,-14.277239,-10.97919679
2.7160001,-14.471941,-14.326173,-13.60986435,-14.243806,-10.95348681
2.72,-14.393847,-14.277239,-13.56337705,-14.213307,-10.93003308
2.724,-14.326173,-14.243806,-13.5316157,-14.172397,-10.89857329
2.7279999,-14.277239,-14.213307,-13.50264165,-14.116248,-10.85539471
2.7320001,-14.243806,-14.172397,-13.46377715,-14.051907,-10.80591648
2.7360001,-14.213307,-14.116248,-13.4104356,-13.99317,-10.76074773
2.74,-14.172397,-14.051907,-13.34931165,-13.950959,-10.72828747
2.744,-14.116248,-13.99317,-13.2935115,-13.92601,-10.70910169
2.7479999,-14.051907,-13.950959,-13.25341105,-13.908465,-10.69560959
2.7520001,-13.99317,-13.92601,-13.2297095,-13.88453,-10.67720357
2.756,-13.950959,-13.908465,-13.21304175,-13.846011,-10.64758246
2.76,-13.92601,-13.88453,-13.1903035,-13.796061,-10.60917091
2.7639999,-13.908465,-13.846011,-13.15371045,-13.746847,-10.57132534
2.7679999,-13.88453,-13.796061,-13.10625795,-13.710966,-10.54373285
2.7720001,-13.846011,-13.746847,-13.05950465,-13.692894,-10.52983549
2.776,-13.796061,-13.710966,-13.0254177,-13.686051,-10.52457322
2.78,-13.746847,-13.692894,-13.0082493,-13.677233,-10.51779218
2.7839999,-13.710966,-13.686051,-13.00174845,-13.655634,-10.50118255
2.7880001,-13.692894,-13.677233,-12.99337135,-13.620449,-10.47412528
2.7920001,-13.686051,-13.655634,-12.9728523,-13.581406,-10.44410121
2.796,-13.677233,-13.620449,-12.93942655,-13.551894,-10.42140649
2.8,-13.655634,-13.581406,-12.9023357,-13.539794,-10.41210159
2.8039999,-13.620449,-13.551894,-12.8742993,-13.54226,-10.41399794
2.8080001,-13.581406,-13.539794,-12.8628043,-13.547621,-10.41812055
2.812,-13.551894,-13.54226,-12.865147,-13.543252,-10.41476079
2.816,-13.539794,-13.547621,-12.87023995,-13.524334,-10.40021285
2.8199999,-13.54226,-13.543252,-12.8660894,-13.497258,-10.3793914
2.8239999,-13.547621,-13.524334,-12.8481173,-13.475104,-10.36235498
2.8280001,-13.543252,-13.497258,-12.8223951,-13.468623,-10.35737109
2.832,-13.524334,-13.475104,-12.8013488,-13.479074,-10.36540791
2.836,-13.497258,-13.468623,-12.79519185,-13.497409,-10.37950752
2.8399999,-13.475104,-13.479074,-12.8051203,-13.510287,-10.3894107
2.8440001,-13.468623,-13.497409,-12.82253855,-13.509179,-10.38855865
2.848,-13.479074,-13.510287,-12.83477265,-13.49635,-10.37869315
2.852,-13.497409,-13.509179,-12.83372005,-13.483269,-10.36863386
2.8559999,-13.510287,-13.49635,-12.8215325,-13.482675,-10.36817708
2.8599999,-13.509179,-13.483269,-12.80910555,-13.50004,-10.38153076
2.8640001,-13.49635,-13.482675,-12.80854125,-13.529999,-10.40456923
2.868,-13.483269,-13.50004,-12.825038,-13.559848,-10.42752311
2.872,-13.482675,-13.529999,-12.85349905,-13.577999,-10.44148123
2.8759999,-13.50004,-13.559848,-12.8818556,-13.581937,-10.44450955
2.8800001,-13.529999,-13.577999,-12.89909905,-13.579938,-10.44297232
2.8840001,-13.559848,-13.581937,-12.90284015,-13.585325,-10.44711493
2.888,-13.577999,-13.579938,-12.9009411,-13.607476,-10.46414904
2.892,-13.581937,-13.585325,-12.90605875,-13.645721,-10.49355945
2.8959999,-13.579938,-13.607476,-12.9271022,-13.689736,-10.52740698
2.9000001,-13.585325,-13.645721,-12.96343495,-13.72617,-10.55542473
2.904,-13.607476,-13.689736,-13.0052492,-13.747435,-10.57177752
2.908,-13.645721,-13.72617,-13.0398615,-13.756693,-10.57889692
2.9119999,-13.689736,-13.747435,-13.06006325,-13.765436,-10.58562028
2.9159999,-13.72617,-13.756693,-13.06885835,-13.785521,-10.60106565
2.9200001,-13.747435,-13.765436,-13.0771642,-13.821269,-10.62855586
2.924,-13.756693,-13.785521,-13.09624495,-13.86649,-10.66333081
2.928,-13.765436,-13.821269,-13.13020555,-13.90801,-10.69525969
2.9319999,-13.785521,-13.86649,-13.1731655,-13.933518,-10.71487534
2.9360001,-13.821269,-13.90801,-13.2126095,-13.938794,-10.71893259
2.9400001,-13.86649,-13.933518,-13.2368421,-13.929368,-10.71168399
2.944,-13.90801,-13.938794,-13.2418543,-13.915576,-10.70107794
2.948,-13.933518,-13.929368,-13.2328996,-13.904638,-10.69266662
2.9519999,-13.938794,-13.915576,-13.2197972,-13.894942,-10.6852104
2.9560001,-13.929368,-13.904638,-13.2094061,-13.87559,-10.67032871
2.96,-13.915576,-13.894942,-13.2001949,-13.831087,-10.6361059
2.964,-13.904638,-13.87559,-13.1818105,-13.748215,-10.57237734
2.9679999,-13.894942,-13.831087,-13.13953265,-13.62089,-10.47446441
2.9719999,-13.87559,-13.748215,-13.06080425,-13.450025,-10.34306923
2.9760001,-13.831087,-13.62089,-12.9398455,-13.239054,-10.18083253
2.98,-13.748215,-13.450025,-12.77752375,-12.988547,-9.988192643
2.984,-13.62089,-13.239054,-12.5771013,-12.693366,-9.761198454
2.9879999,-13.450025,-12.988547,-12.33911965,-12.343678,-9.492288382
2.9920001,-13.239054,-12.693366,-12.0586977,-11.928853,-9.173287957
2.9960001,-12.988547,-12.343678,-11.7264941,-11.442021,-8.798914149
3,-12.693366,-11.928853,-11.33241035,-10.883057,-8.369070833
3.0039999,-12.343678,-11.442021,-10.86991995,-10.259035,-7.889197915
3.0079999,-11.928853,-10.883057,-10.33890415,-9.5828317,-7.369197577
3.0120001,-11.442021,-10.259035,-9.74608325,-8.8713017,-6.822031007
3.016,-10.883057,-9.5828317,-9.103690115,-8.1440322,-6.262760762
3.02,-10.259035,-8.8713017,-8.427736615,-7.4227086,-5.708062913
3.0239999,-9.5828317,-8.1440322,-7.73683059,-6.7305067,-5.175759652
3.0280001,-8.8713017,-7.4227086,-7.05157317,-6.0910331,-4.684004454
3.0320001,-8.1440322,-6.7305067,-6.393981365,-5.5267212,-4.250048603
3.036,-7.4227086,-6.0910331,-5.786481445,-5.0569488,-3.888793627
3.04,-6.7305067,-5.5267212,-5.25038514,-4.6961944,-3.611373494
3.0439999,-6.0910331,-5.0569488,-4.80410136,-4.4524225,-3.423912903
3.0480001,-5.5267212,-4.6961944,-4.46138468,-4.3257648,-3.326513131
3.052,-5.0569488,-4.4524225,-4.229801375,-4.3076653,-3.312594616
3.056,-4.6961944,-4.3257648,-4.10947656,-4.3809296,-3.368934862
3.0599999,-4.4524225,-4.3076653,-4.092282035,-4.5214479,-3.476993435
3.0639999,-4.3257648,-4.3809296,-4.16188312,-4.702281,-3.616054089
3.0680001,-4.3076653,-4.5214479,-4.295375505,-4.8997489,-3.767906904
3.072,-4.3809296,-4.702281,-4.46716695,-5.0992792,-3.921345705
3.076,-4.5214479,-4.8997489,-4.654761455,-5.2975988,-4.073853477
3.0799999,-4.702281,-5.0992792,-4.84431524,-5.4993961,-4.229035601
3.0840001,-4.8997489,-5.2975988,-5.03271886,-5.7101102,-4.391074744
3.0880001,-5.0992792,-5.4993961,-5.224426295,-5.9291228,-4.559495433
3.092,-5.2975988,-5.7101102,-5.42460469,-6.1474068,-4.727355829
3.096,-5.4993961,-5.9291228,-5.63266666,-6.3512552,-4.884115249
3.0999999,-5.7101102,-6.1474068,-5.84003646,-6.5302385,-5.021753407
3.1040001,-5.9291228,-6.3512552,-6.03369244,-6.6841908,-5.140142725
3.108,-6.1474068,-6.5302385,-6.203726575,-6.8238417,-5.247534267
3.112,-6.3512552,-6.6841908,-6.34998126,-6.9640845,-5.355380981
3.1159999,-6.5302385,-6.8238417,-6.482649615,-7.114354,-5.470938226
3.1199999,-6.6841908,-6.9640845,-6.615880275,-7.2723399,-5.592429383
3.1240001,-6.8238417,-7.114354,-6.7586363,-7.4250416,-5.70985699
3.128,-6.9640845,-7.2723399,-6.908722905,-7.557095,-5.811406055
3.132,-7.114354,-7.4250416,-7.05378952,-7.6616133,-5.891780628
3.1359999,-7.2723399,-7.557095,-7.17924025,-7.7458812,-5.956582643
3.1400001,-7.4250416,-7.6616133,-7.278532635,-7.8271897,-6.019108879
3.1440001,-7.557095,-7.7458812,-7.35858714,-7.9215941,-6.091705863
3.148,-7.6616133,-7.8271897,-7.435830215,-8.0333696,-6.177661222
3.152,-7.7458812,-7.9215941,-7.525514395,-8.1517977,-6.268732431
3.1559999,-7.8271897,-8.0333696,-7.63170112,-8.257625,-6.350113625
3.1600001,-7.9215941,-8.1517977,-7.744207815,-8.3360486,-6.410421373
3.164,-8.0333696,-8.257625,-7.84474375,-8.3877904,-6.450210818
3.168,-8.1517977,-8.3360486,-7.91924617,-8.4295604,-6.482331948
3.1719999,-8.257625,-8.3877904,-7.96840088,-8.4830484,-6.52346422
3.1760001,-8.3360486,-8.4295604,-8.00808238,-8.5604589,-6.582992894
3.1800001,-8.3877904,-8.4830484,-8.05889598,-8.6560579,-6.656508525
3.184,-8.4295604,-8.5604589,-8.132435955,-8.7489368,-6.727932399
3.188,-8.4830484,-8.6560579,-8.223255005,-8.8163557,-6.779777533
3.1919999,-8.5604589,-8.7489368,-8.31148996,-8.8500282,-6.805671686
3.1960001,-8.6560579,-8.8163557,-8.375537915,-8.8632371,-6.81582933
3.2,-8.7489368,-8.8500282,-8.40752679,-8.8823636,-6.830537608
3.204,-8.8163557,-8.8632371,-8.420075245,-8.929125,-6.866497125
3.2079999,-8.8500282,-8.8823636,-8.43824542,-9.0058321,-6.925484885
3.2119999,-8.8632371,-8.929125,-8.48266875,-9.0924903,-6.992125041
3.2160001,-8.8823636,-9.0058321,-8.555540495,-9.1583302,-7.042755924
3.22,-8.929125,-9.0924903,-8.637865785,-9.1828029,-7.06157543
3.224,-9.0058321,-9.1583302,-8.70041369,-9.1718937,-7.053186255
3.2279999,-9.0924903,-9.1828029,-8.723662755,-9.1556848,-7.040721611
3.2320001,-9.1583302,-9.1718937,-8.713299015,-9.1682992,-7.050422085
3.2360001,-9.1828029,-9.1556848,-8.69790056,-9.2250298,-7.094047916
3.24,-9.1718937,-9.1682992,-8.70988424,-9.3103715,-7.159675684
3.244,-9.1556848,-9.2250298,-8.76377831,-9.3839137,-7.216229635
3.2479999,-9.1682992,-9.3103715,-8.844852925,-9.4047787,-7.23227482
3.2520001,-9.2250298,-9.3839137,-8.914718015,-9.3626684,-7.199892
3.256,-9.3103715,-9.4047787,-8.934539765,-9.2910688,-7.144831907
3.26,-9.3839137,-9.3626684,-8.89453498,-9.2499906,-7.113242771
3.2639999,-9.4047787,-9.2910688,-8.82651536,-9.2933704,-7.146601838
3.2679999,-9.3626684,-9.2499906,-8.78749107,-9.4424638,-7.261254662
3.2720001,-9.2910688,-9.2933704,-8.82870188,-9.6728393,-7.438413422
3.276,-9.2499906,-9.4424638,-8.97034061,-9.9167845,-7.626007281
3.28,-9.2933704,-9.6728393,-9.189197335,-10.087944,-7.757628936
3.2839999,-9.4424638,-9.9167845,-9.420945275,-10.127732,-7.788225908
3.2880001,-9.6728393,-10.087944,-9.5835468,-10.042384,-7.722593296
3.2920001,-9.9167845,-10.127732,-9.6213454,-9.8926564,-7.607452772
3.296,-10.087944,-10.042384,-9.5402648,-9.7476741,-7.495961383
3.3,-10.127732,-9.8926564,-9.39802358,-9.6470189,-7.418557534
3.3039999,-10.042384,-9.7476741,-9.260290395,-9.5914229,-7.37580421
3.3080001,-9.8926564,-9.6470189,-9.164667955,-9.5559671,-7.3485387
3.312,-9.7476741,-9.5914229,-9.111851755,-9.5134626,-7.315852739
3.316,-9.6470189,-9.5559671,-9.078168745,-9.4540701,-7.270179907
3.3199999,-9.5914229,-9.5134626,-9.03778947,-9.3885511,-7.219795796
3.3239999,-9.5559671,-9.4540701,-8.981366595,-9.334346,-7.178112074
3.3280001,-9.5134626,-9.3885511,-8.919123545,-9.2972933,-7.149618548
3.332,-9.4540701,-9.334346,-8.8676287,-9.2634118,-7.123563674
3.336,-9.3885511,-9.2972933,-8.832428635,-9.2070143,-7.080193997
3.3399999,-9.334346,-9.2634118,-8.80024121,-9.1103191,-7.005835388
3.3440001,-9.2972933,-9.2070143,-8.746663585,-8.9793616,-6.90512907
3.348,-9.2634118,-9.1103191,-8.654803145,-8.8414238,-6.799054902
3.352,-9.2070143,-8.9793616,-8.53039352,-8.7249664,-6.709499162
3.3559999,-9.1103191,-8.8414238,-8.39935261,-8.637375,-6.642141375
3.3599999,-8.9793616,-8.7249664,-8.28871808,-8.5554168,-6.579115519
3.3640001,-8.8414238,-8.637375,-8.20550625,-8.435985,-6.487272465
3.368,-8.7249664,-8.5554168,-8.12764596,-8.2446667,-6.340148692
3.372,-8.637375,-8.435985,-8.01418575,-7.9832162,-6.139093258
3.3759999,-8.5554168,-8.2446667,-7.832433365,-7.6904093,-5.913924752
3.3800001,-8.435985,-7.9832162,-7.58405539,-7.4133626,-5.700875839
3.3840001,-8.2446667,-7.6904093,-7.305888835,-7.1722655,-5.51547217
3.388,-7.9832162,-7.4133626,-7.04269447,-6.9404703,-5.337221661
3.392,-7.6904093,-7.1722655,-6.813652225,-6.6518073,-5.115239814
3.3959999,-7.4133626,-6.9404703,-6.593446785,-6.2406659,-4.799072077
3.4000001,-7.1722655,-6.6518073,-6.319216935,-5.6965029,-4.38061073
3.404,-6.9404703,-6.2406659,-5.928632605,-5.0848275,-3.910232348
3.408,-6.6518073,-5.6965029,-5.411677755,-4.5149565,-3.472001549
3.4119999,-6.2406659,-5.0848275,-4.830586125,-4.0936262,-3.147998548
3.4159999,-5.6965029,-4.5149565,-4.289208675,-3.9016659,-3.000381077
3.4200001,-5.0848275,-4.0936262,-3.88894489,-3.9933584,-3.07089261
3.424,-4.5149565,-3.9016659,-3.706582605,-4.4037437,-3.386478905
3.428,-4.0936262,-3.9933584,-3.79369048,-5.1540103,-3.963433921
3.4319999,-3.9016659,-4.4037437,-4.183556515,-6.2498997,-4.806172869
3.4360001,-3.9933584,-5.1540103,-4.896309785,-7.6674801,-5.896292197
3.4400001,-4.4037437,-6.2498997,-5.937404715,-9.3174995,-7.165157116
3.444,-5.1540103,-7.6674801,-7.284106095,-10.991534,-8.452489646
3.448,-6.2498997,-9.3174995,-8.851624525,-12.368878,-9.511667182
3.4519999,-7.6674801,-10.991534,-10.4419573,-13.231219,-10.17480741
3.4560001,-9.3174995,-12.368878,-11.7504341,-13.695099,-10.53153113
3.46,-10.991534,-13.231219,-12.56965805,-14.046852,-10.80202919
3.464,-12.368878,-13.695099,-13.01034405,-14.448602,-11.11097494
3.4679999,-13.231219,-14.046852,-13.3445094,-14.85951,-11.42696319
3.4719999,-13.695099,-14.448602,-13.7261719,-15.115493,-11.62381412
3.4760001,-14.046852,-14.85951,-14.1165345,-15.09905,-11.61116945
3.48,-14.448602,-15.115493,-14.35971835,-14.869558,-11.4346901
3.484,-14.85951,-15.09905,-14.3440975,-14.59777,-11.22568513
3.4879999,-15.115493,-14.869558,-14.1260801,-14.416646,-11.08640077
3.4920001,-15.09905,-14.59777,-13.8678815,-14.355135,-11.03909882
3.4960001,-14.869558,-14.416646,-13.6958137,-14.351297,-11.03614739
3.5,-14.59777,-14.355135,-13.63737825,-14.305234,-11.00072495
3.5039999,-14.416646,-14.351297,-13.63373215,-14.152791,-10.88349628
3.5079999,-14.355135,-14.305234,-13.5899723,-13.912559,-10.69875787
3.5120001,-14.351297,-14.152791,-13.44515145,-13.661522,-10.50571042
3.516,-14.305234,-13.912559,-13.21693105,-13.471312,-10.35943893
3.52,-14.152791,-13.661522,-12.9784459,-13.365044,-10.27771884
3.5239999,-13.912559,-13.471312,-12.7977464,-13.311877,-10.23683341
3.5280001,-13.661522,-13.365044,-12.6967918,-13.250796,-10.18986212
3.5320001,-13.471312,-13.311877,-12.64628315,-13.131964,-10.09848032
3.536,-13.365044,-13.250796,-12.5882562,-12.951054,-9.959360526
3.54,-13.311877,-13.131964,-12.4753658,-12.748087,-9.803278903
3.5439999,-13.250796,-12.951054,-12.3035013,-12.573995,-9.669402155
3.5480001,-13.131964,-12.748087,-12.11068265,-12.456241,-9.578849329
3.552,-12.951054,-12.573995,-11.94529525,-12.385068,-9.524117292
3.556,-12.748087,-12.456241,-11.83342895,-12.322595,-9.476075555
3.5599999,-12.573995,-12.385068,-11.7658146,-12.2284,-9.4036396
3.5639999,-12.456241,-12.322595,-11.70646525,-12.087019,-9.294917611
3.5680001,-12.385068,-12.2284,-11.61698,-11.917111,-9.164258359
3.572,-12.322595,-12.087019,-11.48266805,-11.755291,-9.039818779
3.576,-12.2284,-11.917111,-11.32125545,-11.629927,-8.943413863
3.5799999,-12.087019,-11.755291,-11.16752645,-11.54417,-8.87746673
3.5840001,-11.917111,-11.629927,-11.04843065,-11.476064,-8.825093216
3.5880001,-11.755291,-11.54417,-10.9669615,-11.393791,-8.761825279
3.592,-11.629927,-11.476064,-10.9022608,-11.27722,-8.67218218
3.596,-11.54417,-11.393791,-10.82410145,-11.131177,-8.559875113
3.5999999,-11.476064,-11.27722,-10.713359,-10.980337,-8.443879153
3.6040001,-11.393791,-11.131177,-10.57461815,-10.850874,-8.344322106
3.608,-11.27722,-10.980337,-10.43132015,-10.753438,-8.269393822
3.612,-11.131177,-10.850874,-10.3083303,-10.677672,-8.211129768
3.6159999,-10.980337,-10.753438,-10.2157661,-10.599958,-8.151367702
3.6199999,-10.850874,-10.677672,-10.1437884,-10.499443,-8.074071667
3.6240001,-10.753438,-10.599958,-10.0699601,-10.372113,-7.976154897
3.628,-10.677672,-10.499443,-9.97447085,-10.232604,-7.868872476
3.632,-10.599958,-10.372113,-9.85350735,-10.102936,-7.769157784
3.6359999,-10.499443,-10.232604,-9.7209738,-9.997441,-7.688032129
3.6400001,-10.372113,-10.102936,-9.5977892,-9.9141572,-7.623986887
3.6440001,-10.232604,-9.997441,-9.49756895,-9.8370181,-7.564666919
3.648,-10.102936,-9.9141572,-9.41844934,-9.7469334,-7.495391785
3.652,-9.997441,-9.8370181,-9.345167195,-9.6347362,-7.409112138
3.6559999,-9.9141572,-9.7469334,-9.25958673,-9.5070218,-7.310899764
3.6600001,-9.8370181,-9.6347362,-9.15299939,-9.3807238,-7.213776602
3.664,-9.7469334,-9.5070218,-9.03167071,-9.2711097,-7.129483359
3.668,-9.6347362,-9.3807238,-8.91168761,-9.1819646,-7.060930777
3.6719999,-9.5070218,-9.2711097,-8.807554215,-9.1038188,-7.000836657
3.6760001,-9.3807238,-9.1819646,-8.72286637,-9.0206961,-6.936915301
3.6800001,-9.2711097,-9.1038188,-8.64862786,-8.921,-6.860249
3.684,-9.1819646,-9.0206961,-8.569661295,-8.8052542,-6.77124048
3.688,-9.1038188,-8.921,-8.47495,-8.6851559,-6.678884887
3.6919999,-9.0206961,-8.8052542,-8.36499149,-8.5750421,-6.594207375
3.6960001,-8.921,-8.6851559,-8.250898105,-8.4822714,-6.522866707
3.7,-8.8052542,-8.5750421,-8.146289995,-8.4028356,-6.461780576
3.704,-8.6851559,-8.4822714,-8.05815783,-8.324482,-6.401526658
3.7079999,-8.5750421,-8.4028356,-7.98269382,-8.2351339,-6.332817969
3.7119999,-8.4822714,-8.324482,-7.9082579,-8.13106,-6.25278514
3.7160001,-8.4028356,-8.2351339,-7.823377205,-8.0190882,-6.166678826
3.72,-8.324482,-8.13106,-7.724507,-7.911439,-6.083896591
3.724,-8.2351339,-8.0190882,-7.61813379,-7.8172829,-6.01149055
3.7279999,-8.13106,-7.911439,-7.51586705,-7.7368851,-5.949664642
3.7320001,-8.0190882,-7.8172829,-7.426418755,-7.6618416,-5.89195619
3.7360001,-7.911439,-7.7368851,-7.350040845,-7.580953,-5.829752857
3.74,-7.8172829,-7.6618416,-7.27874952,-7.4878646,-5.758167877
3.744,-7.7368851,-7.580953,-7.20190535,-7.3852301,-5.679241947
3.7479999,-7.6618416,-7.4878646,-7.11347137,-7.2825249,-5.600261648
3.7520001,-7.580953,-7.3852301,-7.015968595,-7.1893313,-5.52859577
3.756,-7.4878646,-7.2825249,-6.918398655,-7.1089875,-5.466811388
3.76,-7.3852301,-7.1893313,-6.829864735,-7.0366652,-5.411195539
3.7639999,-7.2825249,-7.1089875,-6.753538125,-6.9628642,-5.35444257
3.7679999,-7.1893313,-7.0366652,-6.68483194,-6.8799208,-5.290659095
3.7720001,-7.1089875,-6.9628642,-6.61472099,-6.7871675,-5.219331808
3.776,-7.0366652,-6.8799208,-6.53592476,-6.6911269,-5.145476586
3.78,-6.9628642,-6.7871675,-6.447809125,-6.6007791,-5.075999128
3.7839999,-6.8799208,-6.6911269,-6.356570555,-6.5214465,-5.014992359
3.7880001,-6.7871675,-6.6007791,-6.270740145,-6.4514275,-4.961147748
3.7920001,-6.6911269,-6.5214465,-6.195374175,-6.3833825,-4.908821143
3.796,-6.6007791,-6.4514275,-6.128856125,-6.3094191,-4.851943288
3.8,-6.5214465,-6.3833825,-6.064213375,-6.2264696,-4.788155122
3.8039999,-6.4514275,-6.3094191,-5.993948145,-6.138234,-4.720301946
3.8080001,-6.3833825,-6.2264696,-5.91514612,-6.0524095,-4.654302906
3.812,-6.3094191,-6.138234,-5.8313223,-5.9753348,-4.595032461
3.816,-6.2264696,-6.0524095,-5.749789025,-5.9078182,-4.543112196
3.8199999,-6.138234,-5.9753348,-5.67656806,-5.8447958,-4.49464797
3.8239999,-6.0524095,-5.9078182,-5.61242729,-5.7788844,-4.443962104
3.8280001,-5.9753348,-5.8447958,-5.55255601,-5.7054447,-4.387486974
3.832,-5.9078182,-5.7788844,-5.48994018,-5.6256719,-4.326141691
3.836,-5.8447958,-5.7054447,-5.420172465,-5.5455922,-4.264560402
3.8399999,-5.7788844,-5.6256719,-5.344388305,-5.471797,-4.207811893
3.8440001,-5.7054447,-5.5455922,-5.26831259,-5.4069967,-4.157980462
3.848,-5.6256719,-5.471797,-5.19820715,-5.3483432,-4.112875921
3.852,-5.5455922,-5.4069967,-5.136646865,-5.2894912,-4.067618733
3.8559999,-5.471797,-5.3483432,-5.08092604,-5.2249729,-4.01800416
3.8599999,-5.4069967,-5.2894912,-5.02501664,-5.1539098,-3.963356636
3.8640001,-5.3483432,-5.2249729,-4.963724255,-5.080484,-3.906892196
3.868,-5.2894912,-5.1539098,-4.89621431,-5.0109259,-3.853402017
3.872,-5.2249729,-5.080484,-4.8264598,-4.9492346,-3.805961407
3.8759999,-5.1539098,-5.0109259,-4.760379605,-4.8945654,-3.763920793
3.8800001,-5.080484,-4.9492346,-4.70177287,-4.8419215,-3.723437634
3.8840001,-5.0109259,-4.8945654,-4.64983713,-4.7856274,-3.680147471
3.888,-4.9492346,-4.8419215,-4.599825425,-4.7232113,-3.63214949
3.892,-4.8945654,-4.7856274,-4.54634603,-4.6570246,-3.581251917
3.8959999,-4.8419215,-4.7232113,-4.487050735,-4.5925061,-3.531637191
3.9000001,-4.7856274,-4.6570246,-4.42417337,-4.5343933,-3.486948448
3.904,-4.7232113,-4.5925061,-4.362880795,-4.4835488,-3.447849027
3.908,-4.6570246,-4.5343933,-4.307673635,-4.4364814,-3.411654197
3.9119999,-4.5925061,-4.4835488,-4.25937136,-4.3877871,-3.37420828
3.9159999,-4.5343933,-4.4364814,-4.21465733,-4.3338651,-3.332742262
3.9200001,-4.4835488,-4.3877871,-4.168397745,-4.2753375,-3.287734538
3.924,-4.4364814,-4.3338651,-4.117171845,-4.2165305,-3.242511955
3.928,-4.3877871,-4.2753375,-4.061570625,-4.1624134,-3.200895905
3.9319999,-4.3338651,-4.2165305,-4.005703975,-4.1152219,-3.164605641
3.9360001,-4.2753375,-4.1624134,-3.95429273,-4.0730152,-3.132148689
3.9400001,-4.2165305,-4.1152219,-3.909460805,-4.0310718,-3.099894214
3.944,-4.1624134,-4.0730152,-3.86936444,-3.985147,-3.064578043
3.948,-4.1152219,-4.0310718,-3.82951821,-3.9343751,-3.025534452
3.9519999,-4.0730152,-3.985147,-3.78588965,-3.881792,-2.985098048
3.9560001,-4.0310718,-3.9343751,-3.737656345,-3.8321669,-2.946936346
3.96,-3.985147,-3.881792,-3.6877024,-3.7887104,-2.913518298
3.964,-3.9343751,-3.8321669,-3.640558555,-3.7509405,-2.884473245
3.9679999,-3.881792,-3.7887104,-3.59927488,-3.7150733,-2.856891368
3.9719999,-3.8321669,-3.7509405,-3.563393475,-3.6766494,-2.827343389
3.9760001,-3.7887104,-3.7150733,-3.529319635,-3.6335903,-2.794230941
3.98,-3.7509405,-3.6766494,-3.49281693,-3.5875898,-2.758856556
3.984,-3.7150733,-3.6335903,-3.451910785,-3.5428725,-2.724468953
3.9879999,-3.6766494,-3.5875898,-3.40821031,-3.5032488,-2.693998327
3.9920001,-3.6335903,-3.5428725,-3.365728875,-3.4695388,-2.668075337
3.9960001,-3.5875898,-3.5032488,-3.32808636,-3.4390672,-2.644642677
4,-3.5428725,-3.4695388,-3.29606186,-3.4075351,-2.620394492
4.0040002,-3.5032488,-3.4390672,-3.26711384,-3.3719816,-2.59305385
4.0079999,-3.4695388,-3.4075351,-3.237158345,-3.3328033,-2.562925738
4.0120001,-3.4390672,-3.3719816,-3.20338252,-3.2934228,-2.532642133
4.0159998,-3.4075351,-3.3328033,-3.166163135,-3.2578882,-2.505316026
4.02,-3.3719816,-3.2934228,-3.12875166,-3.2280918,-2.482402594
4.0240002,-3.3328033,-3.2578882,-3.09499379,-3.2025258,-2.46274234
4.0279999,-3.2934228,-3.2280918,-3.06668721,-3.1773477,-2.443380381
4.0320001,-3.2578882,-3.2025258,-3.04239951,-3.1490319,-2.421605531
4.0359998,-3.2280918,-3.1773477,-3.018480315,-3.1167921,-2.396813125
4.04,-3.2025258,-3.1490319,-2.991580305,-3.0830854,-2.370892673
4.0440001,-3.1773477,-3.1167921,-2.960952495,-3.0518659,-2.346884877
4.0479999,-3.1490319,-3.0830854,-2.92893113,-3.0258578,-2.326884648
4.052,-3.1167921,-3.0518659,-2.899272605,-3.0047143,-2.310625297
4.0560002,-3.0830854,-3.0258578,-2.87456491,-2.9852899,-2.295687933
4.0599999,-3.0518659,-3.0047143,-2.854478585,-2.9638231,-2.279179964
4.0640001,-3.0258578,-2.9852899,-2.836025405,-2.93852,-2.25972188
4.0679998,-3.0047143,-2.9638231,-2.815631945,-2.9107766,-2.238387205
4.072,-2.9852899,-2.93852,-2.791594,-2.8841669,-2.217924346
4.0760002,-2.9638231,-2.9107766,-2.76523777,-2.8619573,-2.200845164
4.0799999,-2.93852,-2.8841669,-2.739958555,-2.8448769,-2.187710336
4.0840001,-2.9107766,-2.8619573,-2.718859435,-2.8306484,-2.17676862
4.0879998,-2.8841669,-2.8448769,-2.702633055,-2.8155728,-2.165175483
4.092,-2.8619573,-2.8306484,-2.68911598,-2.7970819,-2.150955981
4.0960002,-2.8448769,-2.8155728,-2.67479416,-2.7755076,-2.134365344
4.0999999,-2.8306484,-2.7970819,-2.657227805,-2.7538182,-2.117686196
4.1040001,-2.8155728,-2.7755076,-2.63673222,-2.7355452,-2.103634259
4.1079998,-2.7970819,-2.7538182,-2.61612729,-2.7223536,-2.093489918
4.112,-2.7755076,-2.7355452,-2.59876794,-2.71292,-2.08623548
4.1160002,-2.7538182,-2.7223536,-2.58623592,-2.7038629,-2.07927057
4.1199999,-2.7355452,-2.71292,-2.577274,-2.6920796,-2.070209212
4.1240001,-2.7223536,-2.7038629,-2.568669755,-2.6768853,-2.058524796
4.1279998,-2.71292,-2.6920796,-2.55747562,-2.6604722,-2.045903122
4.132,-2.7038629,-2.6768853,-2.543041035,-2.6463616,-2.03505207
4.1360002,-2.6920796,-2.6604722,-2.52744859,-2.6369684,-2.0278287
4.1399999,-2.6768853,-2.6463616,-2.51404352,-2.6319549,-2.023973318
4.1440001,-2.6604722,-2.6369684,-2.50511998,-2.6284783,-2.021299813
4.1479998,-2.6463616,-2.6319549,-2.500357155,-2.6231608,-2.017210655
4.152,-2.6369684,-2.6284783,-2.497054385,-2.6144203,-2.010489211
4.1560001,-2.6319549,-2.6231608,-2.49200276,-2.6035657,-2.002142023
4.1599998,-2.6284783,-2.6144203,-2.483699285,-2.5938639,-1.994681339
4.164,-2.6231608,-2.6035657,-2.473387415,-2.5882697,-1.990379399
4.1680002,-2.6144203,-2.5938639,-2.464170705,-2.5873953,-1.989706986
4.1719999,-2.6035657,-2.5882697,-2.458856215,-2.5891008,-1.991018515
4.1760001,-2.5938639,-2.5873953,-2.458025535,-2.5899761,-1.991691621
4.1799998,-2.5882697,-2.5891008,-2.45964576,-2.5876987,-1.9899403
4.184,-2.5873953,-2.5899761,-2.460477295,-2.5826461,-1.986054851
4.1880002,-2.5891008,-2.5876987,-2.458313765,-2.5776259,-1.982194317
4.1919999,-2.5899761,-2.5826461,-2.453513795,-2.5759165,-1.980879789
4.1960001,-2.5876987,-2.5776259,-2.448744605,-2.5790033,-1.983253538
4.1999998,-2.5826461,-2.5759165,-2.447120675,-2.5855705,-1.988303715
4.204,-2.5776259,-2.5790033,-2.450053135,-2.5924103,-1.993563521
4.2080002,-2.5759165,-2.5855705,-2.456291975,-2.5966387,-1.99681516
4.2119999,-2.5790033,-2.5924103,-2.462789785,-2.5977016,-1.99763253
4.2160001,-2.5855705,-2.5966387,-2.466806765,-2.5977525,-1.997671673
4.2199998,-2.5924103,-2.5977016,-2.46781652,-2.600154,-1.999518426
4.224,-2.5966387,-2.5977525,-2.467864875,-2.6071337,-2.004885815
4.2280002,-2.5977016,-2.600154,-2.4701463,-2.6182634,-2.013444555
4.2319999,-2.5977525,-2.6071337,-2.476777015,-2.6307491,-2.023046058
4.2360001,-2.600154,-2.6182634,-2.48735023,-2.6413627,-2.031207916
4.2399998,-2.6071337,-2.6307491,-2.499211645,-2.6486851,-2.036838842
4.244,-2.6182634,-2.6413627,-2.509294565,-2.6540961,-2.040999901
4.2480001,-2.6307491,-2.6486851,-2.516250845,-2.6608142,-2.04616612
4.2519999,-2.6413627,-2.6540961,-2.521391295,-2.6716559,-2.054503387
4.256,-2.6486851,-2.6608142,-2.52777349,-2.6870916,-2.06637344
4.2600002,-2.6540961,-2.6716559,-2.538073105,-2.7049195,-2.080083096
4.2639999,-2.6608142,-2.6870916,-2.55273702,-2.7217803,-2.093049051
4.2680001,-2.6716559,-2.7049195,-2.569673525,-2.7354894,-2.103591349
4.2719998,-2.6870916,-2.7217803,-2.585691285,-2.7465656,-2.112108946
4.276,-2.7049195,-2.7354894,-2.59871493,-2.7578735,-2.120804722
4.2800002,-2.7217803,-2.7465656,-2.60923732,-2.7726275,-2.132150548
4.2839999,-2.7354894,-2.7578735,-2.619979825,-2.7921626,-2.147173039
4.2880001,-2.7465656,-2.7726275,-2.633996125,-2.8150105,-2.164743075
4.2919998,-2.7578735,-2.7921626,-2.65255447,-2.8378985,-2.182343947
4.296,-2.7726275,-2.8150105,-2.674259975,-2.8580185,-2.197816227
4.3000002,-2.7921626,-2.8378985,-2.696003575,-2.8749896,-2.210867002
4.3039999,-2.8150105,-2.8580185,-2.715117575,-2.8911355,-2.2232832
4.3080001,-2.8378985,-2.8749896,-2.73124012,-2.9098638,-2.237685262
4.3119998,-2.8580185,-2.8911355,-2.746578725,-2.9332963,-2.255704855
4.316,-2.8749896,-2.9098638,-2.76437061,-2.9607932,-2.276849971
4.3200002,-2.8911355,-2.9332963,-2.786631485,-2.9893779,-2.298831605
4.3239999,-2.9098638,-2.9607932,-2.81275354,-3.0157895,-2.319142126
4.3280001,-2.9332963,-2.9893779,-2.839909005,-3.0387583,-2.336805133
4.3319998,-2.9607932,-3.0157895,-2.865000025,-3.0599158,-2.35307525
4.336,-2.9893779,-3.0387583,-2.886820385,-3.0826562,-2.370562618
4.3400002,-3.0157895,-3.0599158,-2.90692001,-3.1097788,-2.391419897
4.3439999,-3.0387583,-3.0826562,-2.92852339,-3.1415351,-2.415840492
4.348,-3.0599158,-3.1097788,-2.95428986,-3.1754347,-2.441909284
4.3520002,-3.0826562,-3.1415351,-2.984458345,-3.2079493,-2.466913012
4.3559999,-3.1097788,-3.1754347,-3.016662965,-3.2369718,-2.489231314
4.3600001,-3.1415351,-3.2079493,-3.047551835,-3.2633036,-2.509480468
4.3639998,-3.1754347,-3.2369718,-3.07512321,-3.2901137,-2.530097435
4.368,-3.2079493,-3.2633036,-3.10013842,-3.3207185,-2.553632527
4.3720002,-3.2369718,-3.2901137,-3.125608015,-3.3562654,-2.580968093
4.3759999,-3.2633036,-3.3207185,-3.154682575,-3.3949012,-2.610679023
4.3800001,-3.2901137,-3.3562654,-3.18845213,-3.4330116,-2.63998592
4.3839998,-3.3207185,-3.3949012,-3.22515614,-3.4677184,-2.66667545
4.388,-3.3562654,-3.4330116,-3.26136102,-3.4988995,-2.690653716
4.3920002,-3.3949012,-3.4677184,-3.29433248,-3.529298,-2.714030162
4.3959999,-3.4330116,-3.4988995,-3.323954525,-3.5626203,-2.739655011
4.4000001,-3.4677184,-3.529298,-3.3528331,-3.6009618,-2.769139624
4.4039998,-3.4988995,-3.5626203,-3.384489285,-3.6433401,-2.801728537
4.408,-3.529298,-3.6009618,-3.42091371,-3.6863547,-2.834806764
4.4120002,-3.5626203,-3.6433401,-3.461173095,-3.7265356,-2.865705876
4.4159999,-3.6009618,-3.6863547,-3.502036965,-3.7627727,-2.893572206
4.4200001,-3.6433401,-3.7265356,-3.54020882,-3.7971146,-2.919981127
4.4239998,-3.6863547,-3.7627727,-3.574634065,-3.8333375,-2.947836538
4.428,-3.7265356,-3.7971146,-3.60725887,-3.8742883,-2.979327703
4.4320002,-3.7627727,-3.8333375,-3.641670625,-3.9198813,-3.01438872
4.4359999,-3.7971146,-3.8742883,-3.680573885,-3.967109,-3.050706821
4.4400001,-3.8333375,-3.9198813,-3.723887235,-4.0121045,-3.085308361
4.4439998,-3.8742883,-3.967109,-3.76875355,-4.0528391,-3.116633268
4.448,-3.9198813,-4.0121045,-3.811499275,-4.0905749,-3.145652098
4.4520001,-3.967109,-4.0528391,-3.850197145,-4.1289928,-3.175195463
4.4559999,-4.0121045,-4.0905749,-3.886046155,-4.1716059,-3.207964937
4.46,-4.0528391,-4.1289928,-3.92254316,-4.219281,-3.244627089
4.4640002,-4.0905749,-4.1716059,-3.963025605,-4.2695953,-3.283318786
4.4679999,-4.1289928,-4.219281,-4.00831695,-4.3184696,-3.320903122
4.4720001,-4.1716059,-4.2695953,-4.056115535,-4.3630149,-3.355158458
4.4759998,-4.219281,-4.3184696,-4.10254612,-4.4035827,-3.386355096
4.48,-4.2695953,-4.3630149,-4.144864155,-4.4435458,-3.41708672
4.4840002,-4.3184696,-4.4035827,-4.183403565,-4.486927,-3.450446863
4.4879999,-4.3630149,-4.4435458,-4.22136851,-4.5355599,-3.487845563
4.4920001,-4.4035827,-4.486927,-4.26258065,-4.5877709,-3.527995822
4.4959998,-4.4435458,-4.5355599,-4.308781905,-4.6394871,-3.56776558
4.5,-4.486927,-4.5877709,-4.358382355,-4.6870624,-3.604350986
4.5040002,-4.5355599,-4.6394871,-4.407512745,-4.7298576,-3.637260494
4.5079999,-4.5877709,-4.6870624,-4.45270928,-4.7707277,-3.668689601
4.5120001,-4.6394871,-4.7298576,-4.49336472,-4.8140074,-3.701971691
4.5159998,-4.6870624,-4.7707277,-4.532191315,-4.8624507,-3.739224588
4.52,-4.7298576,-4.8140074,-4.57330703,-4.9152578,-3.779833248
4.5240002,-4.7707277,-4.8624507,-4.619328165,-4.96857,-3.82083033
4.5279999,-4.8140074,-4.9152578,-4.66949491,-5.018136,-3.858946584
4.5320001,-4.8624507,-4.96857,-4.7201415,-5.0623207,-3.892924618
4.5359998,-4.9152578,-5.018136,-4.7672292,-5.1033022,-3.924439392
4.54,-4.96857,-5.0623207,-4.809204665,-5.1455528,-3.956930103
4.5440001,-5.018136,-5.1033022,-4.84813709,-5.1926798,-3.993170766
4.5479999,-5.0623207,-5.1455528,-4.88827516,-5.2448469,-4.033287266
4.552,-5.1033022,-5.1926798,-4.93304581,-5.2985918,-4.074617094
4.5560002,-5.1455528,-5.2448469,-4.982604555,-5.3491912,-4.113528033
4.5599999,-5.1926798,-5.2985918,-5.03366221,-5.3939891,-4.147977618
4.5640001,-5.2448469,-5.3491912,-5.08173164,-5.4343194,-4.178991619
4.5679998,-5.2985918,-5.3939891,-5.124289645,-5.4746001,-4.209967477
4.572,-5.3491912,-5.4343194,-5.16260343,-5.5192113,-4.24427349
4.5760002,-5.3939891,-5.4746001,-5.200870095,-5.5693918,-4.282862294
4.5799999,-5.4343194,-5.5192113,-5.243250735,-5.6223104,-4.323556698
4.5840001,-5.4746001,-5.5693918,-5.29092221,-5.6729817,-4.362522927
4.5879998,-5.5192113,-5.6223104,-5.34119488,-5.7177663,-4.396962285
4.592,-5.5693918,-5.6729817,-5.389332615,-5.7569915,-4.427126464
4.5960002,-5.6223104,-5.7177663,-5.431877985,-5.7947615,-4.456171594
4.5999999,-5.6729817,-5.7569915,-5.469141925,-5.8360668,-4.487935369
4.6040001,-5.7177663,-5.7947615,-5.505023425,-5.8832392,-4.524210945
4.6079998,-5.7569915,-5.8360668,-5.54426346,-5.9342709,-4.563454322
4.612,-5.7947615,-5.8832392,-5.58907724,-5.9841531,-4.601813734
4.6160002,-5.8360668,-5.9342709,-5.637557355,-6.0283738,-4.635819452
4.6199999,-5.8832392,-5.9841531,-5.684945445,-6.0661609,-4.664877732
4.6240001,-5.9342709,-6.0283738,-5.72695511,-6.1010893,-4.691737672
4.6279998,-5.9841531,-6.0661609,-5.762852855,-6.138566,-4.720557254
4.632,-6.0283738,-6.1010893,-5.796034835,-6.1820002,-4.753958154
4.6360002,-6.0661609,-6.138566,-5.8316377,-6.230368,-4.791152992
4.6399999,-6.1010893,-6.1820002,-5.87290019,-6.278863,-4.828445647
4.6440001,-6.138566,-6.230368,-5.9188496,-6.322236,-4.861799484
4.6479998,-6.1820002,-6.278863,-5.96491985,-6.3585558,-4.88972941
4.652,-6.230368,-6.322236,-6.0061242,-6.3906466,-4.914407235
4.6560001,-6.278863,-6.3585558,-6.04062801,-6.4241235,-4.940150972
4.6599998,-6.322236,-6.3906466,-6.07111427,-6.4634206,-4.970370441
4.664,-6.3585558,-6.4241235,-6.102917325,-6.5086481,-5.005150389
4.6680002,-6.3906466,-6.4634206,-6.14024957,-6.5554596,-5.041148432
4.6719999,-6.4241235,-6.5086481,-6.183215695,-6.5980637,-5.073910985
4.6760001,-6.4634206,-6.5554596,-6.22768662,-6.6333538,-5.101049072
4.6799998,-6.5086481,-6.5980637,-6.268160515,-6.6631991,-5.124000108
4.684,-6.5554596,-6.6333538,-6.30168611,-6.6931706,-5.147048191
4.6880002,-6.5980637,-6.6631991,-6.330039145,-6.7286042,-5.17429663
4.6919999,-6.6333538,-6.6931706,-6.35851207,-6.7708268,-5.206765809
4.6960001,-6.6631991,-6.7286042,-6.39217399,-6.8161757,-5.241639113
4.6999998,-6.6931706,-6.7708268,-6.43228546,-6.8585152,-5.274198189
4.704,-6.7286042,-6.8161757,-6.475366915,-6.8935906,-5.301171171
4.7080002,-6.7708268,-6.8585152,-6.51558944,-6.922135,-5.323121815
4.7119999,-6.8161757,-6.8935906,-6.54891107,-6.9494262,-5.344108748
4.7160001,-6.8585152,-6.922135,-6.57602825,-6.9815701,-5.368827407
4.7199998,-6.8935906,-6.9494262,-6.60195489,-7.0211951,-5.399299032
4.724,-6.922135,-6.9815701,-6.632491595,-7.0655826,-5.433433019
4.7280002,-6.9494262,-7.0211951,-6.670135345,-7.1085244,-5.466455264
4.7319999,-6.9815701,-7.0655826,-6.71230347,-7.1447058,-5.49427876
4.7360001,-7.0211951,-7.1085244,-6.75309818,-7.1735736,-5.516478098
4.7399998,-7.0655826,-7.1447058,-6.78747051,-7.199825,-5.536665425
4.744,-7.1085244,-7.1735736,-6.81489492,-7.2301168,-5.559959819
4.7480001,-7.1447058,-7.199825,-6.83983375,-7.2683774,-5.589382221
4.7519999,-7.1735736,-7.2301168,-6.86861096,-7.3130323,-5.623721839
4.756,-7.199825,-7.2683774,-6.90495853,-7.3580627,-5.658350216
4.7600002,-7.2301168,-7.3130323,-6.947380685,-7.3972316,-5.6884711
4.7639999,-7.2683774,-7.3580627,-6.990159565,-7.4285953,-5.712589786
4.7680001,-7.3130323,-7.3972316,-7.02737002,-7.4560138,-5.733674612
4.7719998,-7.3580627,-7.4285953,-7.057165535,-7.4864714,-5.757096507
4.776,-7.3972316,-7.4560138,-7.08321311,-7.5251716,-5.78685696
4.7800002,-7.4285953,-7.4864714,-7.11214783,-7.5718875,-5.822781488
4.7839999,-7.4560138,-7.5251716,-7.14891302,-7.6210795,-5.860610136
4.7880001,-7.4864714,-7.5718875,-7.193293125,-7.6657721,-5.894978745
4.7919998,-7.5251716,-7.6210795,-7.240025525,-7.7025831,-5.923286404
4.796,-7.5718875,-7.6657721,-7.282483495,-7.7342843,-5.947664627
4.8000002,-7.6210795,-7.7025831,-7.317453945,-7.767953,-5.973555857
4.8039999,-7.6657721,-7.7342843,-7.347570085,-7.8100198,-6.005905226
4.8080001,-7.7025831,-7.767953,-7.37955535,-7.8617882,-6.045715126
4.8119998,-7.7342843,-7.8100198,-7.41951881,-7.9185027,-6.089328576
4.816,-7.767953,-7.8617882,-7.46869879,-7.9726673,-6.130981154
4.8200002,-7.8100198,-7.9185027,-7.522577565,-8.0194296,-6.166941362
4.8239999,-7.8617882,-7.9726673,-7.574033935,-8.0602362,-6.198321638
4.8280001,-7.9185027,-8.0194296,-7.61845812,-8.1019857,-6.230427003
4.8319998,-7.9726673,-8.0602362,-7.65722439,-8.1522567,-6.269085402
4.836,-8.0194296,-8.1019857,-7.696886415,-8.2140387,-6.31659576
4.8400002,-8.0602362,-8.1522567,-7.744643865,-8.2836383,-6.370117853
4.8439999,-8.1019857,-8.2140387,-7.803336765,-8.3532127,-6.423620566
4.848,-8.1522567,-8.2836383,-7.869456385,-8.4163357,-6.472162153
4.8520002,-8.2140387,-8.3532127,-7.935552065,-8.4727542,-6.51554798
4.8559999,-8.2836383,-8.4163357,-7.995518915,-8.5287778,-6.558630128
4.8600001,-8.3532127,-8.4727542,-8.04911649,-8.5929107,-6.607948328
4.8639998,-8.4163357,-8.5287778,-8.10233891,-8.6699049,-6.667156868
4.868,-8.4727542,-8.5929107,-8.163265165,-8.7574048,-6.734444291
4.8720002,-8.5287778,-8.6699049,-8.236409655,-8.8475067,-6.803732652
4.8759999,-8.5929107,-8.7574048,-8.31953456,-8.9323614,-6.868985917
4.8800001,-8.6699049,-8.8475067,-8.405131365,-9.0100199,-6.928705303
4.8839998,-8.7574048,-8.9323614,-8.48574333,-9.0862389,-6.987317714
4.888,-8.8475067,-9.0100199,-8.559518905,-9.1707223,-7.052285449
4.8920002,-8.9323614,-9.0862389,-8.631926955,-9.2705264,-7.129034802
4.8959999,-9.0100199,-9.1707223,-8.712186185,-9.3852845,-7.217283781
4.9000001,-9.0862389,-9.2705264,-8.80700008,-9.5075204,-7.311283188
4.9039998,-9.1707223,-9.3852845,-8.916020275,-9.6280301,-7.403955147
4.908,-9.2705264,-9.5075204,-9.03214438,-9.7428373,-7.492241884
4.9120002,-9.3852845,-9.6280301,-9.146628595,-9.8566914,-7.579795687
4.9159999,-9.5075204,-9.7428373,-9.255695435,-9.9802871,-7.67484078
4.9200001,-9.6280301,-9.8566914,-9.36385683,-10.123128,-7.784685432
4.9239998,-9.7428373,-9.9802871,-9.481272745,-10.287128,-7.910801432
4.928,-9.8566914,-10.123128,-9.6169716,-10.465327,-8.047836463
4.9320002,-9.9802871,-10.287128,-9.7727716,-10.646868,-8.187441492
4.9359999,-10.123128,-10.465327,-9.94206065,-10.825211,-8.324587259
4.9400001,-10.287128,-10.646868,-10.1145246,-11.003777,-8.461904513
4.9439998,-10.465327,-10.825211,-10.28395045,-11.194448,-8.608530512
4.948,-10.646868,-11.003777,-10.45358815,-11.409676,-8.774040844
4.9520001,-10.825211,-11.194448,-10.6347256,-11.653777,-8.961754513
4.9559999,-11.003777,-11.409676,-10.8391922,-11.919375,-9.165999375
4.96,-11.194448,-11.653777,-11.07108815,-12.191798,-9.375492662
4.9640002,-11.409676,-11.919375,-11.32340625,-12.459148,-9.581084812
4.9679999,-11.653777,-12.191798,-11.5822081,-12.720992,-9.782442848
4.9720001,-11.919375,-12.459148,-11.8361906,-12.988077,-9.987831213
4.9759998,-12.191798,-12.720992,-12.0849424,-13.271891,-10.20608418
4.98,-12.459148,-12.988077,-12.33867315,-13.570885,-10.43601057
4.9840002,-12.720992,-13.271891,-12.60829645,-13.862936,-10.66059778
4.9879999,-12.988077,-13.570885,-12.89234075,-13.8725846,-10.66801756
4.9920001,-13.271891,-13.862936,-13.1697892,-13.87652485,-10.67104761
4.9959998,-13.570885,-13.882685,-13.18855075,-13.8785258,-10.67258634
5,-13.862936,-13.9025258,-13.20739951,-13.88258,-10.67570402
