Column1,Column2,Column3,Column4,Column5,Column6,Column7
                 Frequency                      ,S11(S)_Ry20,S11(M)_Ry20,S11(S)_Ry40,S11(M)_Ry40,S11(S)_Ry80,S11(M)_Ry80
1,-0.40980335,-0.323334843,0.00406189,0.003172336,-0.15863286,-0.121988669
1.0039999,-0.41668919,-0.328767771,-0.0016099,-0.001257332,-0.17789064,-0.136797902
1.008,-0.42357503,-0.334200699,-0.00728169,-0.005687,-0.19714842,-0.151607135
1.012,-0.43046087,-0.339633626,-0.01295348,-0.010116668,-0.2164062,-0.166416368
1.016,-0.43734671,-0.345066554,-0.01862527,-0.014546336,-0.23566398,-0.181225601
1.02,-0.44423255,-0.350499482,-0.02429706,-0.018976004,-0.25492176,-0.196034833
1.024,-0.45111839,-0.35593241,-0.02996885,-0.023405672,-0.27417954,-0.210844066
1.028,-0.45800423,-0.361365337,-0.03564064,-0.02783534,-0.29343732,-0.225653299
1.0319999,-0.46489007,-0.366798265,-0.04131243,-0.032265008,-0.3126951,-0.240462532
1.036,-0.47177591,-0.372231193,-0.04698422,-0.036694676,-0.33195288,-0.255271765
1.04,-0.47866175,-0.377664121,-0.05265601,-0.041124344,-0.35121066,-0.270080998
1.044,-0.48554759,-0.383097049,-0.0583278,-0.045554012,-0.37046844,-0.28489023
1.048,-0.49243343,-0.388529976,-0.06399959,-0.04998368,-0.38972622,-0.299699463
1.052,-0.49931927,-0.393962904,-0.06967138,-0.054413348,-0.408984,-0.314508696
1.056,-0.50620511,-0.399395832,-0.07534317,-0.058843016,-0.42824178,-0.329317929
1.0599999,-0.51309095,-0.40482876,-0.08101496,-0.063272684,-0.44749956,-0.344127162
1.064,-0.51997679,-0.410261687,-0.08668675,-0.067702352,-0.46675734,-0.358936394
1.068,-0.52686263,-0.415694615,-0.09235854,-0.07213202,-0.48601512,-0.373745627
1.072,-0.53374847,-0.421127543,-0.09803033,-0.076561688,-0.5052729,-0.38855486
1.076,-0.54063431,-0.426560471,-0.10370212,-0.080991356,-0.52453068,-0.403364093
1.08,-0.54752015,-0.431993398,-0.10937391,-0.085421024,-0.54378846,-0.418173326
1.084,-0.55440599,-0.437426326,-0.1150457,-0.089850692,-0.56304624,-0.432982559
1.0880001,-0.56129183,-0.442859254,-0.12071749,-0.09428036,-0.58230402,-0.447791791
1.092,-0.55278447,-0.436146947,-0.11591331,-0.090528295,-0.59965976,-0.461138355
1.096,-0.54427711,-0.42943464,-0.11110913,-0.086776231,-0.6170155,-0.47448492
1.1,-0.53576975,-0.422722333,-0.10630495,-0.083024166,-0.63437124,-0.487831484
1.104,-0.52726239,-0.416010026,-0.10150077,-0.079272101,-0.65172698,-0.501178048
1.108,-0.51875503,-0.409297719,-0.09669659,-0.075520037,-0.66908272,-0.514524612
1.112,-0.51024767,-0.402585412,-0.09189241,-0.071767972,-0.68643846,-0.527871176
1.1160001,-0.50174031,-0.395873105,-0.08708823,-0.068015908,-0.7037942,-0.54121774
1.12,-0.49323295,-0.389160798,-0.08228405,-0.064263843,-0.72114994,-0.554564304
1.124,-0.48472559,-0.382448491,-0.07747987,-0.060511778,-0.73850568,-0.567910868
1.128,-0.47621823,-0.375736183,-0.07267569,-0.056759714,-0.75586142,-0.581257432
1.132,-0.46771087,-0.369023876,-0.06787151,-0.053007649,-0.77321716,-0.594603996
1.136,-0.45920351,-0.362311569,-0.06306733,-0.049255585,-0.7905729,-0.60795056
1.14,-0.45069615,-0.355599262,-0.05826315,-0.04550352,-0.80792864,-0.621297124
1.1440001,-0.44218879,-0.348886955,-0.05345897,-0.041751456,-0.82528438,-0.634643688
1.148,-0.43368143,-0.342174648,-0.04865479,-0.037999391,-0.84264012,-0.647990252
1.152,-0.42517407,-0.335462341,-0.04385061,-0.034247326,-0.85999586,-0.661336816
1.156,-0.41666671,-0.328750034,-0.03904643,-0.030495262,-0.8773516,-0.67468338
1.16,-0.40815935,-0.322037727,-0.03424225,-0.026743197,-0.89470734,-0.688029944
1.164,-0.39965199,-0.31532542,-0.02943807,-0.022991133,-0.91206308,-0.701376509
1.168,-0.39114463,-0.308613113,-0.02463389,-0.019239068,-0.92941882,-0.714723073
1.1720001,-0.38263727,-0.301900806,-0.01982971,-0.015487004,-0.94677456,-0.728069637
1.176,-0.37412991,-0.295188499,-0.01502553,-0.011734939,-0.9641303,-0.741416201
1.1799999,-0.36562255,-0.288476192,-0.01022135,-0.007982874,-0.98148604,-0.754762765
1.184,-0.35711519,-0.281763885,-0.00541717,-0.00423081,-0.99884178,-0.768109329
1.188,-0.34860783,-0.275051578,-0.00061299,-0.000478745,-1.01619752,-0.781455893
1.192,-0.34010047,-0.268339271,-0.00541717,-0.00423081,-0.99693974,-0.76664666
1.196,-0.33159311,-0.261626964,-0.01022135,-0.007982874,-0.97768196,-0.751837427
1.2,-0.32308575,-0.254914657,-0.01502553,-0.011734939,-0.95842418,-0.737028194
1.204,-0.31457839,-0.24820235,-0.01982971,-0.015487004,-0.9391664,-0.722218962
1.2079999,-0.30607103,-0.241490043,-0.02463389,-0.019239068,-0.91990862,-0.707409729
1.212,-0.29756367,-0.234777736,-0.02943807,-0.022991133,-0.90065084,-0.692600496
1.216,-0.28905631,-0.228065429,-0.03424225,-0.026743197,-0.88139306,-0.677791263
1.22,-0.28054895,-0.221353122,-0.03904643,-0.030495262,-0.86213528,-0.66298203
1.224,-0.27204159,-0.214640815,-0.04385061,-0.034247326,-0.8428775,-0.648172798
1.228,-0.26353423,-0.207928507,-0.04865479,-0.037999391,-0.82361972,-0.633363565
1.232,-0.25502687,-0.2012162,-0.05345897,-0.041751456,-0.80436194,-0.618554332
1.2359999,-0.24651951,-0.194503893,-0.05826315,-0.04550352,-0.78510416,-0.603745099
1.24,-0.23801215,-0.187791586,-0.06306733,-0.049255585,-0.76584638,-0.588935866
1.244,-0.22950479,-0.181079279,-0.06787151,-0.053007649,-0.7465886,-0.574126633
1.248,-0.22099743,-0.174366972,-0.07267569,-0.056759714,-0.72733082,-0.559317401
1.252,-0.21249007,-0.167654665,-0.07747987,-0.060511778,-0.70807304,-0.544508168
1.256,-0.20398271,-0.160942358,-0.08228405,-0.064263843,-0.68881526,-0.529698935
1.26,-0.19547535,-0.154230051,-0.08708823,-0.068015908,-0.66955748,-0.514889702
1.2640001,-0.18696799,-0.147517744,-0.09189241,-0.071767972,-0.6502997,-0.500080469
1.268,-0.17846063,-0.140805437,-0.09669659,-0.075520037,-0.63104192,-0.485271236
1.272,-0.16995327,-0.13409313,-0.10150077,-0.079272101,-0.61178414,-0.470462004
1.276,-0.16144591,-0.127380823,-0.10630495,-0.083024166,-0.59252636,-0.455652771
1.28,-0.15293855,-0.120668516,-0.11110913,-0.086776231,-0.57326858,-0.440843538
1.284,-0.14443119,-0.113956209,-0.11591331,-0.090528295,-0.5540108,-0.426034305
1.288,-0.13592383,-0.107243902,-0.12071749,-0.09428036,-0.53475302,-0.411225072
1.2920001,-0.12741647,-0.100531595,-0.12552167,-0.098032424,-0.51549524,-0.39641584
1.296,-0.11890911,-0.093819288,-0.13032585,-0.101784489,-0.49623746,-0.381606607
1.3,-0.11040175,-0.087106981,-0.13513003,-0.105536553,-0.47697968,-0.366797374
1.304,-0.10189439,-0.080394674,-0.13993421,-0.109288618,-0.4577219,-0.351988141
1.308,-0.09338703,-0.073682367,-0.14473839,-0.113040683,-0.43846412,-0.337178908
1.312,-0.08487967,-0.06697006,-0.14954257,-0.116792747,-0.41920634,-0.322369675
1.316,-0.07637231,-0.060257753,-0.15434675,-0.120544812,-0.39994856,-0.307560443
1.3200001,-0.06786495,-0.053545446,-0.15915093,-0.124296876,-0.38069078,-0.29275121
1.324,-0.05935759,-0.046833139,-0.16395511,-0.128048941,-0.361433,-0.277941977
1.3279999,-0.05085023,-0.040120831,-0.16875929,-0.131801005,-0.34217522,-0.263132744
1.332,-0.04234287,-0.033408524,-0.17356347,-0.13555307,-0.32291744,-0.248323511
1.336,-0.03383551,-0.026696217,-0.17836765,-0.139305135,-0.30365966,-0.233514279
1.34,-0.02532815,-0.01998391,-0.18317183,-0.143057199,-0.28440188,-0.218705046
1.344,-0.01682079,-0.013271603,-0.18797601,-0.146809264,-0.2651441,-0.203895813
1.348,-0.00831343,-0.006559296,-0.19278019,-0.150561328,-0.24588632,-0.18908658
1.352,-0.01682079,-0.013271603,-0.19758437,-0.154313393,-0.22662854,-0.174277347
1.3559999,-0.02532815,-0.01998391,-0.20238855,-0.158065458,-0.20737076,-0.159468114
1.36,-0.03383551,-0.026696217,-0.20719273,-0.161817522,-0.18811298,-0.144658882
1.364,-0.04234287,-0.033408524,-0.21199691,-0.165569587,-0.1688552,-0.129849649
1.368,-0.05085023,-0.040120831,-0.21680109,-0.169321651,-0.14959742,-0.115040416
1.372,-0.05935759,-0.046833139,-0.22160527,-0.173073716,-0.13033964,-0.100231183
1.376,-0.06786495,-0.053545446,-0.22640945,-0.17682578,-0.11108186,-0.08542195
1.38,-0.07637231,-0.060257753,-0.23121363,-0.180577845,-0.09182408,-0.070612718
1.3839999,-0.08487967,-0.06697006,-0.23601781,-0.18432991,-0.0725663,-0.055803485
1.388,-0.09338703,-0.073682367,-0.24082199,-0.188081974,-0.05330852,-0.040994252
1.392,-0.10189439,-0.080394674,-0.24562617,-0.191834039,-0.03405074,-0.026185019
1.396,-0.11040175,-0.087106981,-0.25043035,-0.195586103,-0.01479296,-0.011375786
1.4,-0.11890911,-0.093819288,-0.25523453,-0.199338168,-0.0321487,-0.02472235
1.404,-0.12741647,-0.100531595,-0.26003871,-0.203090233,-0.04950444,-0.038068914
1.408,-0.13592383,-0.107243902,-0.26484289,-0.206842297,-0.06686018,-0.051415478
1.4119999,-0.14443119,-0.113956209,-0.26964707,-0.210594362,-0.08421592,-0.064762042
1.416,-0.15293855,-0.120668516,-0.27445125,-0.214346426,-0.10157166,-0.078108607
1.42,-0.16144591,-0.127380823,-0.27925543,-0.218098491,-0.1189274,-0.091455171
1.424,-0.16995327,-0.13409313,-0.28405961,-0.221850555,-0.13628314,-0.104801735
1.428,-0.17846063,-0.140805437,-0.28886379,-0.22560262,-0.15363888,-0.118148299
1.432,-0.18696799,-0.147517744,-0.29366797,-0.229354685,-0.17099462,-0.131494863
1.436,-0.19547535,-0.154230051,-0.29847215,-0.233106749,-0.18835036,-0.144841427
1.4400001,-0.20398271,-0.160942358,-0.30327633,-0.236858814,-0.2057061,-0.158187991
1.444,-0.21249007,-0.167654665,-0.30808051,-0.240610878,-0.22306184,-0.171534555
1.448,-0.22099743,-0.174366972,-0.3137523,-0.245040546,-0.24041758,-0.184881119
1.452,-0.22950479,-0.181079279,-0.32112759,-0.250800648,-0.25777332,-0.198227683
1.456,-0.23801215,-0.187791586,-0.32997441,-0.257710014,-0.27512906,-0.211574247
1.46,-0.24651951,-0.194503893,-0.33916126,-0.264884944,-0.2924848,-0.224920811
1.464,-0.25502687,-0.2012162,-0.34743618,-0.271347657,-0.31174258,-0.239730044
1.4680001,-0.26353423,-0.207928507,-0.35428045,-0.276693031,-0.32411305,-0.249242935
1.472,-0.27204159,-0.214640815,-0.36026006,-0.281363107,-0.32580574,-0.250544614
1.476,-0.28054895,-0.221353122,-0.36663289,-0.286340287,-0.32065535,-0.246583964
1.48,-0.28905631,-0.228065429,-0.37448735,-0.29247462,-0.31728731,-0.243993941
1.484,-0.29594215,-0.233498356,-0.38400701,-0.299909475,-0.32302502,-0.24840624
1.488,-0.30444951,-0.240210663,-0.39434943,-0.307986905,-0.33889375,-0.260609294
1.492,-0.31340378,-0.247275582,-0.40422402,-0.31569896,-0.35901884,-0.276085488
1.4960001,-0.32143239,-0.253610156,-0.41277537,-0.322377564,-0.37474198,-0.288176583
1.5,-0.32790786,-0.258719302,-0.42016259,-0.328146983,-0.38067682,-0.292740475
1.5039999,-0.33337635,-0.26303394,-0.42745283,-0.33384066,-0.37847362,-0.291046214
1.508,-0.33917703,-0.267610677,-0.43589278,-0.340432261,-0.37554499,-0.288794097
1.512,-0.34651641,-0.273401447,-0.44607033,-0.348380928,-0.37977084,-0.292043776
1.516,-0.35565136,-0.280608923,-0.45752737,-0.357328876,-0.39405475,-0.303028103
1.52,-0.36572044,-0.288553427,-0.46907824,-0.366350105,-0.41441413,-0.318684466
1.524,-0.37534423,-0.296146597,-0.47961891,-0.374582369,-0.43278297,-0.332810104
1.528,-0.38357855,-0.302643476,-0.48888119,-0.381816209,-0.44265154,-0.340399034
1.5319999,-0.39055411,-0.308147193,-0.49760978,-0.388633238,-0.44363124,-0.341152424
1.536,-0.39738115,-0.313533727,-0.50705001,-0.396006058,-0.44166039,-0.33963684
1.54,-0.40537394,-0.319840039,-0.5180994,-0.404635631,-0.44474154,-0.342006244
1.544,-0.4151554,-0.327557611,-0.53070328,-0.414479262,-0.45737569,-0.351721906
1.548,-0.42623472,-0.336299194,-0.54389504,-0.424782026,-0.47755044,-0.367236288
1.552,-0.43736149,-0.345078216,-0.55645171,-0.434588786,-0.4982016,-0.38311703
1.556,-0.447388,-0.352989132,-0.56772924,-0.443396536,-0.51214538,-0.393839797
1.5599999,-0.45606565,-0.359835798,-0.57809481,-0.451492047,-0.51711785,-0.397663627
1.564,-0.46420596,-0.366258502,-0.58868041,-0.4597594,-0.51732101,-0.397819857
1.568,-0.47312072,-0.373292248,-0.60061564,-0.469080815,-0.52036683,-0.400162092
1.572,-0.4837195,-0.381654686,-0.61427399,-0.479747986,-0.53192873,-0.409053193
1.576,-0.49589348,-0.391259956,-0.62902999,-0.491272422,-0.55187567,-0.42439239
1.58,-0.50860658,-0.401290592,-0.64369611,-0.502726662,-0.57442609,-0.441733663
1.584,-0.52061589,-0.410765937,-0.65733196,-0.513376261,-0.59218139,-0.455387489
1.5880001,-0.53133492,-0.419223252,-0.66988095,-0.523177022,-0.60130775,-0.46240566
1.592,-0.54123684,-0.427035867,-0.68221124,-0.532806978,-0.60420914,-0.464636829
1.596,-0.55152062,-0.435149769,-0.69551496,-0.543197184,-0.60776566,-0.467371793
1.6,-0.56328188,-0.444429403,-0.71050742,-0.554906295,-0.61847024,-0.475603615
1.604,-0.57675851,-0.455062464,-0.72694573,-0.567744615,-0.63797307,-0.490601291
1.608,-0.59117065,-0.466433643,-0.74380265,-0.58090987,-0.66201071,-0.509086236
1.612,-0.60526299,-0.477552499,-0.75996649,-0.593533829,-0.68338885,-0.525526026
1.6160001,-0.61817258,-0.487738166,-0.77500183,-0.605276429,-0.69700073,-0.535993561
1.62,-0.63002976,-0.497093481,-0.78944268,-0.616554733,-0.70339767,-0.540912808
1.624,-0.64187335,-0.506438073,-0.80443248,-0.628261767,-0.70834336,-0.544716044
1.628,-0.6549399,-0.516747581,-0.82094714,-0.641159716,-0.71871477,-0.552691658
1.632,-0.66981688,-0.528485518,-0.83914192,-0.65536984,-0.73773707,-0.567319807
1.636,-0.68604874,-0.541292456,-0.85825321,-0.670295757,-0.76283343,-0.586618908
1.64,-0.70244959,-0.554232727,-0.87711933,-0.685030197,-0.78744523,-0.605545382
1.6440001,-0.71791988,-0.566438785,-0.89497554,-0.698975897,-0.80560892,-0.619513259
1.648,-0.7321992,-0.577705169,-0.91197206,-0.712250179,-0.81613795,-0.627610084
1.652,-0.7460507,-0.588634002,-0.92907644,-0.7256087,-0.82341564,-0.633206627
1.656,-0.76073435,-0.600219402,-0.94742007,-0.739935075,-0.8342613,-0.64154694
1.66,-0.7771578,-0.613177504,-0.96753832,-0.755647428,-0.85317298,-0.656090022
1.664,-0.79525748,-0.627458152,-0.98901777,-0.772422878,-0.87926585,-0.676155439
1.668,-0.81405684,-0.642290847,-1.0107814,-0.789420273,-0.90692959,-0.697428855
1.6720001,-0.83233935,-0.656715747,-1.0318196,-0.805851108,-0.92972622,-0.714959463
1.676,-0.84948399,-0.670242868,-1.0518793,-0.821517733,-0.94488753,-0.726618511
1.6799999,-0.86589419,-0.683190516,-1.0716299,-0.836942952,-0.95524255,-0.734581521
1.684,-0.88271672,-0.696463492,-1.0922103,-0.853016244,-0.9671765,-0.743758729
1.688,-0.90106143,-0.710937468,-1.1144588,-0.870392323,-0.98615681,-0.758354587
1.692,-0.92124515,-0.726862423,-1.1383545,-0.889054865,-1.0129942,-0.77899254
1.696,-0.94259235,-0.743705364,-1.1630426,-0.908336271,-1.0433418,-0.802329844
1.7,-0.96389832,-0.760515774,-1.1874186,-0.927373927,-1.0707225,-0.823385603
1.704,-0.98426801,-0.77658746,-1.2108876,-0.945703216,-1.0910518,-0.839018834
1.7079999,-1.0037262,-0.791939972,-1.2337792,-0.963581555,-1.10549,-0.85012181
1.712,-1.0232015,-0.807305984,-1.2571203,-0.981810954,-1.119589,-0.860963941
1.716,-1.0438895,-0.823628816,-1.2819536,-1.001205762,-1.1393635,-0.876170532
1.72,-1.0664348,-0.841417057,-1.3086285,-1.022038859,-1.1671458,-0.89753512
1.724,-1.0905004,-0.860404816,-1.3365717,-1.043862498,-1.2000203,-0.922815611
1.728,-1.1150058,-0.879739576,-1.3646791,-1.065814377,-1.2318624,-0.947302186
1.732,-1.1388771,-0.898574032,-1.3920604,-1.087199172,-1.2576036,-0.967097168
1.7359999,-1.1617932,-0.916654835,-1.4186503,-1.107965884,-1.2767862,-0.981848588
1.74,-1.1844106,-0.934499963,-1.4452587,-1.128747045,-1.2938669,-0.994983646
1.744,-1.2079221,-0.953050537,-1.4730262,-1.150433462,-1.3150592,-1.011280525
1.748,-1.2332383,-0.973025019,-1.502661,-1.173578241,-1.3440243,-1.033554687
1.752,-1.2603755,-0.99443627,-1.533972,-1.198032132,-1.3793865,-1.060748219
1.756,-1.2884437,-1.016582079,-1.5660011,-1.223046859,-1.4157019,-1.088674761
1.76,-1.3162608,-1.038529771,-1.5976762,-1.247785112,-1.4472357,-1.112924253
1.7640001,-1.343167,-1.059758763,-1.628546,-1.271894426,-1.471968,-1.131943392
1.768,-1.3694833,-1.080522324,-1.6590842,-1.29574476,-1.4930049,-1.148120768
1.772,-1.396298,-1.101679122,-1.6903816,-1.32018803,-1.5163698,-1.166088376
1.776,-1.4247317,-1.124113311,-1.7234077,-1.345981414,-1.5468108,-1.189497505
1.78,-1.4551805,-1.148137415,-1.7583668,-1.373284471,-1.5845514,-1.218520027
1.784,-1.4870529,-1.173284738,-1.7945598,-1.401551204,-1.6251742,-1.24975896
1.788,-1.5191835,-1.198635782,-1.8308646,-1.429905253,-1.6626738,-1.278596152
1.7920001,-1.5506324,-1.223448964,-1.8664983,-1.457735172,-1.6936429,-1.30241139
1.796,-1.5813355,-1.24767371,-1.9015562,-1.485115392,-1.7196596,-1.322418232
1.8,-1.6121556,-1.271990768,-1.9369576,-1.512763886,-1.746161,-1.342797809
1.804,-1.6442987,-1.297351674,-1.9738342,-1.54156451,-1.7786333,-1.367769008
1.808,-1.6784955,-1.32433295,-2.0127744,-1.571976806,-1.8188467,-1.398693112
1.812,-1.7145153,-1.352752572,-2.0534317,-1.603730158,-1.8636717,-1.433163537
1.816,-1.751329,-1.381798581,-2.0947662,-1.636012402,-1.9072462,-1.466672328
1.8200001,-1.7878203,-1.410590217,-2.1357425,-1.668014893,-1.9450553,-1.495747526
1.824,-1.8235574,-1.438786789,-2.1760392,-1.699486615,-1.9770929,-1.52038444
1.8279999,-1.8590943,-1.466825403,-2.2162711,-1.730907729,-2.0078612,-1.544045263
1.832,-1.895605,-1.495632345,-2.2575859,-1.763174588,-2.0432019,-1.571222261
1.836,-1.9340815,-1.525990304,-2.3008933,-1.796997667,-2.0862552,-1.604330249
1.84,-1.9746689,-1.558013762,-2.3462586,-1.832427967,-2.1353245,-1.642064541
1.844,-2.016573,-1.591076097,-2.3928696,-1.868831158,-2.1850566,-1.680308525
1.848,-2.058607,-1.624240923,-2.439579,-1.905311199,-2.2301443,-1.714980967
1.852,-2.1000131,-1.656910336,-2.4856939,-1.941326936,-2.2690454,-1.744895913
1.8559999,-2.1409895,-1.689240716,-2.5314485,-1.977061279,-2.3050753,-1.772602906
1.86,-2.1825686,-1.722046625,-2.577861,-2.013309441,-2.344074,-1.802592906
1.864,-2.2259159,-1.756247645,-2.6260535,-2.050947784,-2.3903546,-1.838182687
1.868,-2.2715449,-1.792248926,-2.6765076,-2.090352436,-2.4437453,-1.879240136
1.872,-2.318971,-1.829668119,-2.7287407,-2.131146487,-2.4997232,-1.922287141
1.876,-2.3670472,-1.867600241,-2.7816402,-2.172460996,-2.5525273,-1.962893494
1.88,-2.4147566,-1.905242957,-2.8342123,-2.213519806,-2.5991757,-1.998766113
1.8839999,-2.4619212,-1.942455827,-2.8862665,-2.254174137,-2.6415799,-2.031374943
1.888,-2.5093385,-1.979868077,-2.9385553,-2.295011689,-2.6852033,-2.064921338
1.892,-2.5582555,-2.01846359,-2.9922752,-2.336966931,-2.7352641,-2.103418093
1.896,-2.6095225,-2.058913253,-3.0482704,-2.380699182,-2.7931447,-2.147928274
1.9,-2.6630237,-2.101125699,-3.1064614,-2.426146353,-2.8554514,-2.195842127
1.904,-2.7177517,-2.144306091,-3.1659057,-2.472572352,-2.9163415,-2.242666614
1.908,-2.7724983,-2.187501159,-3.2254306,-2.519061299,-2.9715768,-2.285142559
1.9119999,-2.8266863,-2.230255491,-3.284437,-2.565145297,-3.0215133,-2.323543728
1.916,-2.8807783,-2.272934079,-3.3433178,-2.611131202,-3.0708719,-2.361500491
1.92,-2.9359762,-2.316485222,-3.4032156,-2.657911384,-3.1254532,-2.403473511
1.924,-2.9934204,-2.361808696,-3.4652609,-2.706368763,-3.1881281,-2.451670509
1.928,-3.0534211,-2.409149248,-3.5298219,-2.756790904,-3.2568814,-2.504541797
1.932,-3.1152536,-2.45793509,-3.5962572,-2.808676873,-3.3261721,-2.557826345
1.936,-3.1776579,-2.507172083,-3.6633408,-2.861069165,-3.3907562,-2.607491518
1.9400001,-3.2397022,-2.556125036,-3.7300956,-2.913204664,-3.4493682,-2.652564146
1.944,-3.3014377,-2.604834345,-3.7964593,-2.965034713,-3.5056389,-2.695836314
1.948,-3.3638808,-2.654101951,-3.8633502,-3.017276506,-3.5655763,-2.741928175
1.952,-3.4283328,-2.704954579,-3.9320575,-3.070936908,-3.6334086,-2.794091213
1.956,-3.4955093,-2.757956838,-4.0033898,-3.126647434,-3.708685,-2.851978765
1.96,-3.565052,-2.812826028,-4.0771346,-3.184242123,-3.7865717,-2.911873637
1.964,-3.6357772,-2.868628211,-4.1521938,-3.242863358,-3.8611568,-2.969229579
1.9680001,-3.7064853,-2.924416902,-4.2273308,-3.301545355,-3.9295848,-3.021850711
1.972,-3.7767911,-2.979888178,-4.3020074,-3.359867779,-3.9940956,-3.071459516
1.976,-3.8474106,-3.035606963,-4.3767687,-3.418256355,-4.060491,-3.122517579
1.98,-3.9196918,-3.09263683,-4.4528928,-3.477709277,-4.1341109,-3.179131282
1.984,-3.9947108,-3.151826821,-4.531544,-3.539135864,-4.21616,-3.24222704
1.988,-4.0725476,-3.213240056,-4.6130013,-3.602754015,-4.3028602,-3.308899494
1.992,-4.1522338,-3.276112468,-4.6964624,-3.667937134,-4.3880149,-3.374383458
1.9960001,-4.2324106,-3.339371963,-4.7805877,-3.733638994,-4.4673036,-3.435356468
2,-4.312271,-3.402381819,-4.8644082,-3.799102804,-4.5413579,-3.492304225
2.0039999,-4.3921327,-3.4653927,-4.948001,-3.864388781,-4.6153734,-3.549222145
2.0079999,-4.4732465,-3.529391489,-5.0324599,-3.930351182,-4.6955113,-3.61084819
2.0120001,-4.5569684,-3.595448068,-5.119177,-3.998077237,-4.7846527,-3.679397926
2.016,-4.643837,-3.663987393,-5.2089179,-4.06816488,-4.880398,-3.753026062
2.02,-4.7332177,-3.734508765,-5.301296,-4.140312176,-4.9766632,-3.827054001
2.0239999,-4.8237205,-3.805915475,-5.3950301,-4.213518508,-5.0678631,-3.897186724
2.0280001,-4.914158,-3.877270662,-5.4888022,-4.286754518,-5.1528555,-3.96254588
2.0320001,-5.0043795,-3.948455426,-5.5821638,-4.359669928,-5.2358226,-4.026347579
2.036,-5.0954031,-4.020273046,-5.6758692,-4.432853845,-5.3233979,-4.093692985
2.04,-5.188757,-4.093929273,-5.7713963,-4.50746051,-5.4200903,-4.168049441
2.0439999,-5.2854507,-4.170220602,-5.8699731,-4.584448991,-5.5251754,-4.248859883
2.0480001,-5.3852969,-4.248999254,-5.9717571,-4.663942295,-5.6331254,-4.331873433
2.052,-5.4870296,-4.329266354,-6.0757182,-4.745135914,-5.7373686,-4.412036453
2.056,-5.5891651,-4.409851264,-6.1803282,-4.826836324,-5.8348879,-4.487028795
2.0599999,-5.6910316,-4.490223932,-6.2845971,-4.908270335,-5.9284252,-4.558958979
2.0639999,-5.7932612,-4.570883087,-6.3887722,-4.989631088,-6.0246339,-4.632943469
2.0680001,-5.8973985,-4.653047417,-6.4942033,-5.071972777,-6.129493,-4.713580117
2.072,-6.0048711,-4.737843298,-6.6024651,-5.156525243,-6.2441811,-4.801775266
2.076,-6.1160379,-4.825553903,-6.7143093,-5.243875563,-6.3642084,-4.89407626
2.0799999,-6.2299297,-4.915414533,-6.8291504,-5.333566462,-6.482424,-4.984984056
2.0840001,-6.3449095,-5.006133596,-6.9454493,-5.424395903,-6.5939795,-5.070770236
2.0880001,-6.4597993,-5.096781648,-7.0617509,-5.515227453,-6.6998273,-5.152167194
2.092,-6.5747194,-5.187453607,-7.1776906,-5.605776359,-6.8061644,-5.233940424
2.096,-6.6910563,-5.279243421,-7.2942873,-5.696838381,-6.9201728,-5.321612883
2.0999999,-6.8105547,-5.373527658,-7.4132953,-5.789783629,-7.0450717,-5.417660137
2.1040001,-6.9341507,-5.471044902,-7.5360518,-5.885656456,-7.1778435,-5.519761652
2.108,-7.0613342,-5.571392684,-7.6625774,-5.984472949,-7.3111969,-5.622310416
2.112,-7.1904831,-5.673291166,-7.7915485,-6.085199379,-7.4385678,-5.720258638
2.1159999,-7.319977,-5.775461853,-7.921184,-6.186444704,-7.5587976,-5.812715354
2.1199999,-7.4493404,-5.877529576,-8.05046,-6.28740926,-7.6771059,-5.903694437
2.1240001,-7.5796269,-5.980325624,-8.1798558,-6.38846738,-7.8015447,-5.999387874
2.128,-7.712763,-6.085370007,-8.3110844,-6.490956916,-7.9374524,-6.103900896
2.132,-7.850271,-6.193863819,-8.4459801,-6.596310458,-8.0837455,-6.21640029
2.1359999,-7.9922447,-6.305881068,-8.5852791,-6.705102977,-8.233533,-6.331586877
2.1400001,-8.1372661,-6.420302953,-8.7281112,-6.816654847,-8.3787704,-6.443274438
2.1440001,-8.2833686,-6.535577825,-8.8725714,-6.929478263,-8.5159378,-6.548756168
2.148,-8.4294027,-6.65079873,-9.0170097,-7.042284576,-8.648709,-6.650857221
2.152,-8.5758928,-6.766379419,-9.1612016,-7.15489845,-8.7855335,-6.756075262
2.1559999,-8.7247605,-6.883836035,-9.3065723,-7.268432966,-8.933831,-6.870116039
2.1600001,-8.8780778,-7.004803384,-9.4553085,-7.384595939,-9.0948551,-6.993943572
2.164,-9.036691,-7.129949199,-9.6089179,-7.50456488,-9.262689,-7.123007841
2.168,-9.1996361,-7.258512883,-9.7672202,-7.628198976,-9.4281503,-7.250247581
2.1719999,-9.3647901,-7.388819389,-9.9284408,-7.754112265,-9.585187,-7.371008803
2.1760001,-9.5303318,-7.51943179,-10.090404,-7.880605524,-9.7353616,-7.48649307
2.1800001,-9.6960699,-7.650199151,-10.252039,-8.006842459,-9.8870036,-7.603105768
2.184,-9.8636729,-7.782437918,-10.414206,-8.133494886,-10.049537,-7.728093953
2.188,-10.035639,-7.918119171,-10.579208,-8.262361448,-10.226992,-7.864556848
2.1919999,-10.21364,-8.05856196,-10.749323,-8.395221263,-10.415109,-8.009218821
2.1960001,-10.397409,-8.203555701,-10.925294,-8.532654614,-10.604028,-8.154497532
2.2,-10.584903,-8.351488467,-11.105813,-8.673639953,-10.78504,-8.29369576
2.204,-10.773705,-8.500453245,-11.288385,-8.816228685,-10.956933,-8.425881477
2.2079999,-10.962763,-8.649620007,-11.471039,-8.958881459,-11.127191,-8.556809879
2.2119999,-11.153256,-8.799918984,-11.653752,-9.101580312,-11.307005,-8.695086845
2.2160001,-11.347944,-8.953527816,-11.838621,-9.245963001,-11.503591,-8.846261479
2.22,-11.549408,-9.112482912,-12.028556,-9.394302236,-11.715147,-9.008948043
2.224,-11.75834,-9.27733026,-12.225403,-9.548039743,-11.931787,-9.175544203
2.2279999,-11.973074,-9.446755386,-12.428708,-9.706820948,-12.142172,-9.337330268
2.2320001,-12.190714,-9.618473346,-12.636005,-9.868719905,-12.341628,-9.490711932
2.2360001,-12.409186,-9.790847754,-12.844488,-10.03154513,-12.535935,-9.640134015
2.24,-12.62884,-9.96415476,-13.053021,-10.1944094,-12.737661,-9.795261309
2.244,-12.852439,-10.14057437,-13.263092,-10.35847485,-12.957608,-9.964400552
2.2479999,-13.083487,-10.32287124,-13.478014,-10.52632893,-13.197361,-10.14877061
2.2520001,-13.323969,-10.51261154,-13.700832,-10.70034979,-13.447889,-10.34142664
2.256,-13.573057,-10.70914197,-13.932337,-10.8811552,-13.695393,-10.53175722
2.26,-13.827676,-10.91003636,-14.170525,-11.06718003,-13.931038,-10.71296822
2.2639999,-14.084691,-11.1128212,-14.411935,-11.25572124,-14.157818,-10.88736204
2.2679999,-14.343273,-11.3168424,-14.654092,-11.44484585,-14.389114,-11.06522867
2.2720001,-14.605827,-11.5239975,-14.897427,-11.63489049,-14.639704,-11.25793238
2.276,-14.876704,-11.73771946,-15.145314,-11.82849023,-14.915668,-11.47014869
2.28,-15.159513,-11.96085576,-15.402079,-12.0290237,-15.209919,-11.69642771
2.2839999,-15.454835,-12.19386482,-15.670278,-12.23848712,-15.506492,-11.92449235
2.2880001,-15.759881,-12.43454611,-15.949038,-12.45619868,-15.791545,-12.14369811
2.2920001,-16.070511,-12.67963318,-16.234652,-12.67926321,-16.063935,-12.35316602
2.296,-16.384362,-12.92726162,-16.523153,-12.90458249,-16.337149,-12.56326758
2.3,-16.703021,-13.17868357,-16.813302,-13.13118886,-16.630588,-12.78892217
2.3039999,-17.031596,-13.43792924,-17.107911,-13.36127849,-16.956482,-13.03953466
2.3080001,-17.375831,-13.70953066,-17.41246,-13.59913126,-17.31134,-13.31242046
2.312,-17.738637,-13.99578459,-17.731833,-13.84856157,-17.677541,-13.59402903
2.316,-18.118402,-14.29541918,-18.067301,-14.11056208,-18.035049,-13.86895268
2.3199999,-18.510316,-14.60463932,-18.415782,-14.38272574,-18.376499,-14.13152773
2.3239999,-18.910147,-14.92010598,-18.772051,-14.66097183,-18.714382,-14.39135976
2.3280001,-19.318077,-15.24196275,-19.132668,-14.94261371,-19.073795,-14.66774836
2.332,-19.739877,-15.57476295,-19.499089,-15.22878851,-19.475893,-14.97696172
2.336,-20.184337,-15.92544189,-19.877661,-15.52445324,-19.923608,-15.32125455
2.3399999,-20.65853,-16.29958017,-20.276301,-15.83579108,-20.398666,-15.68657415
2.3440001,-21.16401,-16.69840389,-20.69994,-16.16665314,-20.872987,-16.051327
2.348,-21.696605,-17.11862135,-21.147746,-16.51638963,-21.329528,-16.40240703
2.352,-22.250389,-17.55555692,-21.614081,-16.88059726,-21.778153,-16.74739966
2.3559999,-22.823789,-18.00796952,-22.092997,-17.25463066,-22.25238,-17.11208022
2.3599999,-23.423835,-18.48140582,-22.583699,-17.63786892,-22.788501,-17.52435727
2.3640001,-24.06532,-18.98753748,-23.093212,-18.03579857,-23.402257,-17.99633563
2.368,-24.765102,-19.53966548,-23.634093,-18.45822663,-24.077409,-18.51552752
2.372,-25.535196,-20.14726964,-24.218455,-18.91461336,-24.77417,-19.05133673
2.3759999,-26.379277,-20.81324955,-24.852078,-19.40947292,-25.458049,-19.57723968
2.3800001,-27.295646,-21.53626469,-25.532495,-19.9408786,-26.133133,-20.09637928
2.3840001,-28.286664,-22.3181779,-26.25287,-20.50349147,-26.850611,-20.64811986
2.388,-29.37078,-23.17354542,-27.010338,-21.09507398,-27.681899,-21.28738033
2.392,-30.590911,-24.13622878,-27.814159,-21.72285818,-28.677083,-22.05267683
2.3959999,-32.016123,-25.26072105,-28.688145,-22.40544125,-29.832386,-22.94110483
2.4000001,-33.741717,-26.62221471,-29.665567,-23.16880783,-31.081313,-23.9015297
2.404,-35.901309,-28.3261328,-30.780194,-24.03933151,-32.331506,-24.86292811
2.408,-38.717634,-30.54821323,-32.059688,-25.03861633,-33.553504,-25.80264458
2.4119999,-42.662677,-33.66085215,-33.52663,-26.18429803,-34.84191,-26.79342879
2.4159999,-48.762425,-38.47355333,-35.209982,-27.49899594,-36.338454,-27.94427113
2.4200001,-50.717209,-40.0158779,-37.164376,-29.02537766,-37.980078,-29.20667998
2.424,-44.141667,-34.82777526,-39.476394,-30.83106371,-39.079736,-30.05231698
2.428,-39.816962,-31.41558302,-42.154741,-32.92285272,-38.674106,-29.74038751
2.4319999,-36.853104,-29.07709906,-44.462434,-34.72516095,-37.19507,-28.60300883
2.4360001,-34.648849,-27.33794186,-44.215923,-34.53263586,-35.644911,-27.41093656
2.4400001,-32.93074,-25.98235386,-41.758769,-32.61359859,-34.347281,-26.41305909
2.444,-31.541636,-24.8863508,-39.195943,-30.61203148,-33.21782,-25.54450358
2.448,-30.373074,-23.96435539,-37.065266,-28.94797275,-32.106308,-24.68975085
2.4519999,-29.348105,-23.15565485,-35.308,-27.575548,-30.962051,-23.80981722
2.4560001,-28.419907,-22.42330662,-33.810447,-26.40595911,-29.848985,-22.95386947
2.46,-27.569368,-21.75223135,-32.497453,-25.38051079,-28.859395,-22.19287476
2.464,-26.795277,-21.14147355,-31.33475,-24.47243975,-28.039301,-21.56222247
2.4679999,-26.100494,-20.59328977,-30.310829,-23.67275745,-27.369848,-21.04741311
2.4719999,-25.4812,-20.1046668,-29.417434,-22.97501595,-26.78605,-20.59847245
2.4760001,-24.923629,-19.66474328,-28.637843,-22.36615538,-26.215792,-20.15994405
2.48,-24.408282,-19.2581345,-27.945432,-21.82538239,-25.622353,-19.70358946
2.484,-23.918205,-18.87146375,-27.310502,-21.32950206,-25.02128,-19.24136432
2.4879999,-23.44591,-18.49882299,-26.710528,-20.86092237,-24.458085,-18.80826737
2.4920001,-22.994357,-18.14254767,-26.137175,-20.41313368,-23.970057,-18.43297383
2.4960001,-22.571625,-17.80901213,-25.595212,-19.98986057,-23.561975,-18.11915878
2.5,-22.183291,-17.5026166,-25.094331,-19.59867251,-23.205274,-17.84485571
2.5039999,-21.82751,-17.22190539,-24.639678,-19.24358852,-22.856829,-17.5769015
2.5079999,-21.495365,-16.95984299,-24.22678,-18.92111518,-22.486776,-17.29233074
2.5120001,-21.175804,-16.70770936,-23.84304,-18.62141424,-22.097016,-16.9926053
2.516,-20.861839,-16.45999097,-23.474325,-18.33344783,-21.715849,-16.69948788
2.52,-20.553924,-16.21704604,-23.11244,-18.05081564,-21.374753,-16.43718506
2.5239999,-20.258295,-15.98379476,-22.758623,-17.77448456,-21.086579,-16.21557925
2.5280001,-19.981732,-15.76558655,-22.420857,-17.51068932,-20.838309,-16.02465962
2.5320001,-19.72646,-15.56417694,-22.107215,-17.26573492,-20.600252,-15.84159379
2.536,-19.488392,-15.37634129,-21.819866,-17.04131535,-20.345834,-15.64594635
2.54,-19.259573,-15.1958031,-21.55331,-16.83313511,-20.069342,-15.433324
2.5439999,-19.033104,-15.01711906,-21.297591,-16.63341857,-19.788269,-15.21717886
2.5480001,-18.807246,-14.83891709,-21.044264,-16.43557018,-19.528977,-15.01778331
2.552,-18.585956,-14.66431928,-20.791266,-16.23797875,-19.307879,-14.84775895
2.556,-18.375625,-14.49836813,-20.543436,-16.04442352,-19.121087,-14.7041159
2.5599999,-18.18041,-14.34434349,-20.308514,-15.86094943,-18.947587,-14.5706944
2.5639999,-17.999329,-14.20147058,-20.091565,-15.69151227,-18.763452,-14.42909459
2.5680001,-17.826833,-14.06537124,-19.891527,-15.53528259,-18.558172,-14.27123427
2.572,-17.656368,-13.93087435,-19.701847,-15.38714251,-18.341374,-14.10451661
2.576,-17.484539,-13.79530127,-19.514642,-15.2409354,-18.134813,-13.9456712
2.5799999,-17.313047,-13.65999408,-19.325647,-15.09333031,-17.956607,-13.80863078
2.5840001,-17.147157,-13.52910687,-19.136645,-14.94571975,-17.809272,-13.69533017
2.5880001,-16.991857,-13.40657517,-18.953788,-14.80290843,-17.678532,-13.59479111
2.592,-16.848404,-13.29339076,-18.783113,-14.66961125,-17.543021,-13.49058315
2.596,-16.713491,-13.1869444,-18.626393,-14.54721293,-17.388852,-13.37202719
2.5999999,-16.581452,-13.08276563,-18.479926,-14.43282221,-17.21902,-13.24142638
2.6040001,-16.448007,-12.97747752,-18.336941,-14.32115092,-17.050511,-13.11184296
2.608,-16.312999,-12.87095621,-18.191979,-14.2079356,-16.901762,-12.99745498
2.612,-16.180262,-12.76622672,-18.044361,-14.09264594,-16.780102,-12.90389844
2.6159999,-16.054781,-12.66722221,-17.898377,-13.97863244,-16.677246,-12.82480217
2.6199999,-15.939178,-12.57601144,-17.760156,-13.87068184,-16.575073,-12.74623114
2.6240001,-15.831896,-12.49136594,-17.633429,-13.77170805,-16.458018,-12.65621584
2.628,-15.728217,-12.40956321,-17.517033,-13.68080277,-16.32384,-12.55303296
2.632,-15.623393,-12.32685708,-17.405669,-13.59382749,-16.184775,-12.44609198
2.6359999,-15.5158,-12.2419662,-17.293363,-13.5061165,-16.058384,-12.3488973
2.6400001,-15.407929,-12.15685598,-17.177375,-13.41552988,-15.955315,-12.26963724
2.6440001,-15.304557,-12.07529547,-17.059888,-13.32377253,-15.872392,-12.20586945
2.648,-15.209428,-12.00023869,-16.946373,-13.23511731,-15.794961,-12.14632501
2.652,-15.122701,-11.93181109,-16.841789,-13.15343721,-15.706891,-12.07859918
2.6559999,-15.04084,-11.86722276,-16.74726,-13.07961006,-15.601763,-11.99775575
2.6600001,-14.958967,-11.80262496,-16.659331,-13.01093751,-15.487182,-11.90964296
2.664,-14.874114,-11.73567595,-16.572247,-12.94292491,-15.378999,-11.82645023
2.668,-14.787172,-11.66707871,-16.481751,-12.87224753,-15.290083,-11.75807383
2.6719999,-14.70218,-11.60002002,-16.387867,-12.79892413,-15.221726,-11.70550729
2.6760001,-14.623493,-11.53793598,-16.294776,-12.72622006,-15.162973,-11.66032624
2.6800001,-14.552809,-11.4821663,-16.207886,-12.65835897,-15.098095,-11.61043506
2.684,-14.488027,-11.4310533,-16.130173,-12.59766511,-15.017454,-11.54842213
2.688,-14.424654,-11.38105201,-16.060197,-12.54301386,-14.924202,-11.47671134
2.6919999,-14.358817,-11.32910661,-15.993051,-12.49057283,-14.831766,-11.40562805
2.6960001,-14.289857,-11.27469717,-15.923609,-12.43633863,-14.754214,-11.34599057
2.7,-14.220713,-11.22014256,-15.849925,-12.37879143,-14.696668,-11.30173769
2.704,-14.155844,-11.16896092,-15.774499,-12.31988372,-14.652017,-11.26740107
2.7079999,-14.098174,-11.12345929,-15.702506,-12.26365719,-14.605785,-11.23184867
2.7119999,-14.047116,-11.08317452,-15.638277,-12.21349434,-14.546084,-11.1859386
2.7160001,-13.998975,-11.04519128,-15.582391,-12.16984737,-14.471941,-11.12892263
2.72,-13.949441,-11.00610895,-15.531286,-12.12993437,-14.393847,-11.06886834
2.724,-13.896514,-10.96434955,-15.479596,-12.08956448,-14.326173,-11.01682704
2.7279999,-13.841835,-10.92120782,-15.423724,-12.04592844,-14.277239,-10.97919679
2.7320001,-13.789529,-10.87993838,-15.364246,-11.99947613,-14.243806,-10.95348681
2.7360001,-13.74335,-10.84350315,-15.305496,-11.95359238,-14.213307,-10.93003308
2.74,-13.704126,-10.81255541,-15.252612,-11.91228997,-14.172397,-10.89857329
2.744,-13.66919,-10.78499091,-15.208102,-11.87752766,-14.116248,-10.85539471
2.7479999,-13.634164,-10.7573554,-15.170174,-11.84790589,-14.051907,-10.80591648
2.7520001,-13.595923,-10.72718325,-15.133904,-11.81957902,-13.99317,-10.76074773
2.756,-13.554726,-10.69467881,-15.094496,-11.78880138,-13.950959,-10.72828747
2.76,-13.514031,-10.66257046,-15.05049,-11.75443269,-13.92601,-10.70910169
2.7639999,-13.478119,-10.63423589,-15.004747,-11.71870741,-13.908465,-10.69560959
2.7679999,-13.449187,-10.61140854,-14.962497,-11.68571016,-13.88453,-10.67720357
2.7720001,-13.425855,-10.5929996,-14.92782,-11.65862742,-13.846011,-10.64758246
2.776,-13.404083,-10.57582149,-14.90093,-11.63762633,-13.796061,-10.60917091
2.78,-13.379892,-10.55673479,-14.878002,-11.61971956,-13.746847,-10.57132534
2.7839999,-13.352072,-10.53478481,-14.853679,-11.6007233,-13.710966,-10.54373285
2.7880001,-13.323028,-10.51186909,-14.824634,-11.57803915,-13.692894,-10.52983549
2.7920001,-13.297138,-10.49144188,-14.791837,-11.5524247,-13.686051,-10.52457322
2.796,-13.277787,-10.47617394,-14.75991,-11.52748971,-13.677233,-10.51779218
2.8,-13.265085,-10.46615207,-14.734041,-11.50728602,-13.655634,-10.50118255
2.8039999,-13.255789,-10.45881752,-14.716539,-11.49361696,-13.620449,-10.47412528
2.8080001,-13.245477,-10.45068135,-14.705297,-11.48483696,-13.581406,-10.44410121
2.812,-13.231554,-10.43969611,-14.695143,-11.47690668,-13.551894,-10.42140649
2.816,-13.215053,-10.42667682,-14.681259,-11.46606328,-13.539794,-10.41210159
2.8199999,-13.199949,-10.41475976,-14.662416,-11.4513469,-13.54226,-10.41399794
2.8239999,-13.190468,-10.40727925,-14.641842,-11.4352786,-13.547621,-10.41812055
2.8280001,-13.188235,-10.40551742,-14.625076,-11.42218436,-13.543252,-10.41476079
2.832,-13.191179,-10.40784023,-14.616293,-11.41532483,-13.524334,-10.40021285
2.836,-13.194905,-10.41078005,-14.615533,-11.41473127,-13.497258,-10.3793914
2.8399999,-13.195677,-10.41138915,-14.618633,-11.41715237,-13.475104,-10.36235498
2.8440001,-13.193001,-10.40927779,-14.619924,-11.41816064,-13.468623,-10.35737109
2.848,-13.190033,-10.40693604,-14.615993,-11.41509053,-13.479074,-10.36540791
2.852,-13.191476,-10.40807456,-14.608026,-11.40886831,-13.497409,-10.37950752
2.8559999,-13.200434,-10.41514243,-14.601062,-11.40342942,-13.510287,-10.3894107
2.8599999,-13.216343,-10.42769463,-14.600674,-11.40312639,-13.509179,-10.38855865
2.8640001,-13.235328,-10.44267379,-14.609289,-11.40985471,-13.49635,-10.37869315
2.868,-13.252811,-10.45646788,-14.624552,-11.42177511,-13.483269,-10.36863386
2.872,-13.26665,-10.46738685,-14.640788,-11.43445543,-13.482675,-10.36817708
2.8759999,-13.278686,-10.47688325,-14.652687,-11.44374855,-13.50004,-10.38153076
2.8800001,-13.293581,-10.48863541,-14.658853,-11.44856419,-13.529999,-10.40456923
2.8840001,-13.315726,-10.50610781,-14.662814,-11.45165773,-13.559848,-10.42752311
2.888,-13.34634,-10.53026226,-14.670726,-11.45783701,-13.577999,-10.44148123
2.892,-13.382655,-10.5589148,-14.687326,-11.47080161,-13.581937,-10.44450955
2.8959999,-13.419769,-10.58819774,-14.71278,-11.49068118,-13.579938,-10.44297232
2.9000001,-13.453988,-10.61519653,-14.742432,-11.51383939,-13.585325,-10.44711493
2.904,-13.485452,-10.64002163,-14.769654,-11.53509977,-13.607476,-10.46414904
2.908,-13.518191,-10.6658527,-14.790082,-11.55105404,-13.645721,-10.49355945
2.9119999,-13.557544,-10.69690222,-14.804484,-11.562302,-13.689736,-10.52740698
2.9159999,-13.606677,-10.73566815,-14.81825,-11.57305325,-13.72617,-10.55542473
2.9200001,-13.664536,-10.7813189,-14.83781,-11.58832961,-13.747435,-10.57177752
2.924,-13.726558,-10.83025426,-14.866327,-11.61060139,-13.756693,-10.57889692
2.928,-13.78777,-10.87855053,-14.9014,-11.6379934,-13.765436,-10.58562028
2.9319999,-13.846271,-10.92470782,-14.936175,-11.66515268,-13.785521,-10.60106565
2.9360001,-13.904749,-10.97084696,-14.963286,-11.68632637,-13.821269,-10.62855586
2.9400001,-13.968915,-11.02147394,-14.979206,-11.69875989,-13.86649,-10.66333081
2.944,-14.043886,-11.08062605,-14.986141,-11.70417612,-13.90801,-10.69525969
2.948,-14.130955,-11.1493235,-14.990124,-11.70728684,-13.933518,-10.71487534
2.9519999,-14.226805,-11.22494915,-14.996529,-11.71228915,-13.938794,-10.71893259
2.9560001,-14.325768,-11.30303095,-15.005857,-11.71957432,-13.929368,-10.71168399
2.96,-14.423737,-11.38032849,-15.012322,-11.72462348,-13.915576,-10.70107794
2.964,-14.521215,-11.45723864,-15.006057,-11.71973052,-13.904638,-10.69266662
2.9679999,-14.62336,-11.53783104,-14.977698,-11.69758214,-13.894942,-10.6852104
2.9719999,-14.736931,-11.62743856,-14.922566,-11.65452405,-13.87559,-10.67032871
2.9760001,-14.866146,-11.72938919,-14.841714,-11.59137863,-13.831087,-10.6361059
2.98,-15.010118,-11.8429831,-14.739135,-11.51126444,-13.748215,-10.57237734
2.984,-15.163487,-11.96399124,-14.616983,-11.41586372,-13.62089,-10.47446441
2.9879999,-15.31993,-12.08742477,-14.471799,-11.30247502,-13.450025,-10.34306923
2.9920001,-15.476431,-12.21090406,-14.293921,-11.1635523,-13.239054,-10.18083253
2.9960001,-15.635476,-12.33639056,-14.07046,-10.98902926,-12.988547,-9.988192643
3,-15.803591,-12.4690333,-13.790274,-10.77020399,-12.693366,-9.761198454
3.0039999,-15.987088,-12.61381243,-13.448168,-10.50301921,-12.343678,-9.492288382
3.0079999,-16.187666,-12.77206847,-13.04592,-10.18886352,-11.928853,-9.173287957
3.0120001,-16.400434,-12.93994243,-12.589751,-9.832595531,-11.442021,-8.798914149
3.016,-16.615377,-13.10953245,-12.086158,-9.439289398,-10.883057,-8.369070833
3.02,-16.821291,-13.2719986,-11.538792,-9.011796552,-10.259035,-7.889197915
3.0239999,-17.009616,-13.42058702,-10.948153,-8.550507493,-9.5828317,-7.369197577
3.0280001,-17.175413,-13.55140086,-10.314234,-8.055416754,-8.8713017,-6.822031007
3.0320001,-17.314558,-13.66118626,-9.640676,-7.529367956,-8.1440322,-6.262760762
3.036,-17.418779,-13.74341663,-8.9381702,-6.980710926,-7.4227086,-5.708062913
3.04,-17.47172,-13.78518708,-8.2252264,-6.423901818,-6.7305067,-5.175759652
3.0439999,-17.448689,-13.76701562,-7.5259951,-5.877802173,-6.0910331,-4.684004454
3.0480001,-17.321027,-13.6662903,-6.8664016,-5.36265965,-5.5267212,-4.250048603
3.052,-17.063863,-13.46338791,-6.2703474,-4.897141319,-5.0569488,-3.888793627
3.056,-16.663977,-13.14787785,-5.7570778,-4.496277762,-4.6961944,-3.611373494
3.0599999,-16.123991,-12.7218289,-5.3399122,-4.170471428,-4.4524225,-3.423912903
3.0639999,-15.460914,-12.19866115,-5.0259629,-3.925277025,-4.3257648,-3.326513131
3.0680001,-14.700272,-11.59851461,-4.8163886,-3.761599497,-4.3076653,-3.312594616
3.072,-13.869307,-10.94288322,-4.7068777,-3.676071484,-4.3809296,-3.368934862
3.076,-12.992417,-10.25101701,-4.6882515,-3.661524422,-4.5214479,-3.476993435
3.0799999,-12.090119,-9.539103891,-4.7472757,-3.707622322,-4.702281,-3.616054089
3.0840001,-11.180662,-8.821542318,-4.8678042,-3.80175508,-4.8997489,-3.767906904
3.0880001,-10.282367,-8.112787563,-5.0324021,-3.93030604,-5.0992792,-3.921345705
3.092,-9.4148654,-7.428328801,-5.2243619,-4.080226644,-5.2975988,-4.073853477
3.096,-8.5985382,-6.78424664,-5.4297631,-4.240644981,-5.4993961,-4.229035601
3.0999999,-7.8526218,-6.1957186,-5.6389505,-4.404020341,-5.7101102,-4.391074744
3.1040001,-7.1929951,-5.675273134,-5.8468694,-4.566405001,-5.9291228,-4.559495433
3.108,-6.6304874,-5.231454559,-6.0520729,-4.726668935,-6.1474068,-4.727355829
3.112,-6.1700677,-4.868183415,-6.2548226,-4.885016451,-6.3512552,-4.693577593
3.1159999,-5.8109051,-4.584804124,-6.4550797,-5.041417246,-6.5302385,-4.825846252
3.1199999,-5.547125,-4.376681625,-6.6512418,-5.194619846,-6.6841908,-4.939617001
3.1240001,-5.3691065,-4.236225029,-6.8401276,-5.342139656,-6.8238417,-5.042819016
3.128,-5.2651083,-4.154170449,-7.0181614,-5.481184053,-6.9640845,-5.146458446
3.132,-5.2229059,-4.120872755,-7.1831047,-5.610004771,-7.114354,-5.257507606
3.1359999,-5.2310903,-4.127330247,-7.335337,-5.728898197,-7.2723399,-5.374259186
3.1400001,-5.2796618,-4.16565316,-7.4778242,-5.8401807,-7.4250416,-5.487105742
3.1440001,-5.3598836,-4.22894816,-7.6146249,-5.947022047,-7.557095,-5.584693205
3.148,-5.4636917,-4.310852751,-7.7486789,-6.051718221,-7.6616133,-5.661932229
3.152,-5.5833038,-4.405226698,-7.8801114,-6.154367003,-7.7458812,-5.724206207
3.1559999,-5.7114777,-4.506355905,-8.0061223,-6.252781516,-7.8271897,-5.784293188
3.1600001,-5.8424644,-4.609704412,-8.1226934,-6.343823545,-7.9215941,-5.85405804
3.164,-5.9730516,-4.712737712,-8.2272897,-6.425513256,-8.0333696,-5.936660134
3.168,-6.1028275,-4.815130898,-8.320904,-6.498626024,-8.1517977,-6.0241785
3.1719999,-6.2331691,-4.91797042,-8.4079874,-6.566638159,-8.257625,-6.102384875
3.1760001,-6.3653091,-5.02222888,-8.4940598,-6.633860704,-8.3360486,-6.160339915
3.1800001,-6.498565,-5.127367785,-8.5823522,-6.702817068,-8.3877904,-6.198577106
3.184,-6.6298751,-5.230971454,-8.6715881,-6.772510306,-8.4295604,-6.229445136
3.188,-6.755095,-5.329769955,-8.7564655,-6.838799556,-8.4830484,-6.268972768
3.1919999,-6.8713782,-5.4215174,-8.8309112,-6.896941647,-8.5604589,-6.326179127
3.1960001,-6.979102,-5.506511478,-8.8923313,-6.944910745,-8.6560579,-6.396826788
3.2,-7.0818764,-5.58760048,-8.9440058,-6.98526853,-8.7489368,-6.465464295
3.204,-7.1843999,-5.668491521,-8.9936371,-7.024030575,-8.8163557,-6.515286862
3.2079999,-7.2894008,-5.751337231,-9.048637,-7.066985497,-8.8500282,-6.54017084
3.2119999,-7.3956387,-5.835158934,-9.1110293,-7.115713883,-8.8632371,-6.549932217
3.2160001,-7.4983803,-5.916222057,-9.1753121,-7.16591875,-8.8823636,-6.5640667
3.22,-7.5923183,-5.990339139,-9.2311679,-7.20954213,-8.929125,-6.598623375
3.224,-7.6752364,-6.05576152,-9.2701056,-7.239952474,-9.0058321,-6.655309922
3.2279999,-7.7499245,-6.114690431,-9.2920571,-7.257096595,-9.0924903,-6.719350332
3.2320001,-7.8228163,-6.172202061,-9.306939,-7.268719359,-9.1583302,-6.768006018
3.2360001,-7.9000049,-6.233103866,-9.3292004,-7.286105512,-9.1828029,-6.786091343
3.24,-7.9831669,-6.298718684,-9.3682896,-7.316634178,-9.1718937,-6.778029444
3.244,-8.06807,-6.36570723,-9.4208319,-7.357669714,-9.1556848,-6.766051067
3.2479999,-8.146874,-6.427883586,-9.4698203,-7.395929654,-9.1682992,-6.775373109
3.2520001,-8.2131837,-6.480201939,-9.493404,-7.414348524,-9.2250298,-6.817297022
3.256,-8.2667048,-6.522430087,-9.4804419,-7.404225124,-9.3103715,-6.880364539
3.26,-8.3141298,-6.559848412,-9.4431886,-7.375130297,-9.3839137,-6.934712224
3.2639999,-8.3652574,-6.600188089,-9.4169082,-7.354605304,-9.4047787,-6.950131459
3.2679999,-8.4266761,-6.648647443,-9.4456171,-7.377026955,-9.3626684,-6.919011948
3.2720001,-8.4970117,-6.704142231,-9.5624315,-7.468259002,-9.2910688,-6.866099843
3.276,-8.5669,-6.7592841,-9.772396,-7.632241276,-9.2499906,-6.835743053
3.28,-8.6243162,-6.804585482,-10.041263,-7.842226403,-9.2933704,-6.867800726
3.2839999,-8.6625978,-6.834789664,-10.295499,-8.040784719,-9.4424638,-6.977980748
3.2880001,-8.6858945,-6.853170761,-10.445118,-8.157637158,-9.6728393,-7.148228243
3.2920001,-8.7076806,-6.870359993,-10.431867,-8.147288127,-9.9167845,-7.328503746
3.296,-8.7427162,-6.898003082,-10.269769,-8.020689589,-10.087944,-7.454990616
3.3,-8.7972733,-6.941048634,-10.034728,-7.837122568,-10.127732,-7.484393948
3.3039999,-8.8634559,-6.993266705,-9.8144357,-7.665074282,-10.042384,-7.421321776
3.3080001,-8.9215169,-7.039076834,-9.6660313,-7.549170445,-9.8926564,-7.31067308
3.312,-8.9507353,-7.062130152,-9.6016021,-7.49885124,-9.7476741,-7.20353116
3.316,-8.9439735,-7.056795092,-9.5939584,-7.49288151,-9.6470189,-7.129146967
3.3199999,-8.9163772,-7.035021611,-9.5947507,-7.493500297,-9.5914229,-7.088061523
3.3239999,-8.9011654,-7.023019501,-9.5605987,-7.466827585,-9.5559671,-7.061859687
3.3280001,-8.9350579,-7.049760683,-9.4764986,-7.401145407,-9.5134626,-7.030448861
3.332,-9.0418499,-7.134019571,-9.3606574,-7.310673429,-9.4540701,-6.986557804
3.336,-9.2204291,-7.27491856,-9.2473074,-7.222147079,-9.3885511,-6.938139263
3.3399999,-9.4398294,-7.448025397,-9.1622125,-7.155687963,-9.334346,-6.898081694
3.3440001,-9.6444443,-7.609466553,-9.1072835,-7.112788414,-9.2972933,-6.870699749
3.348,-9.7735483,-7.711329609,-9.0607095,-7.07641412,-9.2634118,-6.84566132
3.352,-9.7911465,-7.725214589,-8.9911037,-7.02205199,-9.2070143,-6.803983568
3.3559999,-9.7064035,-7.658352362,-8.8780684,-6.93377142,-9.1103191,-6.732525815
3.3599999,-9.5660575,-7.547619368,-8.7256296,-6.814716718,-8.9793616,-6.635748222
3.3640001,-9.4262117,-7.437281031,-8.5580313,-6.683822445,-8.8414238,-6.533812188
3.368,-9.3267142,-7.358777504,-8.4016375,-6.561678888,-8.7249664,-6.44775017
3.372,-9.2803908,-7.322228341,-8.2667595,-6.45633917,-8.637375,-6.383020125
3.3759999,-9.2753774,-7.318272769,-8.1404301,-6.357675908,-8.5554168,-6.322453015
3.3800001,-9.28542,-7.32619638,-7.9935888,-6.242992853,-8.435985,-6.234192915
3.3840001,-9.2838574,-7.324963489,-7.7993772,-6.091313593,-8.2446667,-6.092808691
3.388,-9.255967,-7.302957963,-7.5513661,-5.897616924,-7.9832162,-5.899596772
3.392,-9.2036601,-7.261687819,-7.2675753,-5.675976309,-7.6904093,-5.683212473
3.3959999,-9.1405475,-7.211891978,-6.9765754,-5.448705387,-7.4133626,-5.478474961
3.4000001,-9.0816996,-7.165460984,-6.6966668,-5.230096771,-7.1722655,-5.300304205
3.404,-9.0349298,-7.128559612,-6.4223433,-5.015850117,-6.9404703,-5.129007552
3.408,-8.9976776,-7.099167626,-6.1259789,-4.784389521,-6.6518073,-4.915685595
3.4119999,-8.959744,-7.069238016,-5.7756248,-4.510762969,-6.2406659,-4.6118521
3.4159999,-8.9095259,-7.029615935,-5.3606758,-4.1866878,-5.6965029,-4.209715643
3.4200001,-8.8402411,-6.974950228,-4.9078739,-3.833049516,-5.0848275,-3.757687523
3.424,-8.752801,-6.905959989,-4.4754372,-3.495316453,-4.5149565,-3.336552854
3.428,-8.6540941,-6.828080245,-4.1327391,-3.227669237,-4.0936262,-3.025189762
3.4319999,-8.5522574,-6.747731089,-3.9421084,-3.07878666,-3.9016659,-2.8833311
3.4360001,-8.4519173,-6.66856275,-3.9506386,-3.085448747,-3.9933584,-2.951091858
3.4400001,-8.3517764,-6.58955158,-4.1894405,-3.271953031,-4.4037437,-3.254366594
3.444,-8.2453483,-6.505579809,-4.675082,-3.651239042,-5.1540103,-3.808813612
3.448,-8.124204,-6.409996956,-5.4093275,-4.224684778,-6.2498997,-4.618675878
3.4519999,-7.9821047,-6.297880608,-6.3748936,-4.978791902,-7.6674801,-5.666267794
3.4560001,-7.8179727,-6.16838046,-7.5262993,-5.878039753,-9.3174995,-6.885632131
3.46,-7.6361182,-6.02489726,-8.7787926,-6.856237021,-10.991534,-8.122743626
3.464,-7.4436083,-5.873006949,-10.008698,-7.816793138,-12.368878,-9.511667182
3.4679999,-7.2461868,-5.717241385,-11.088227,-8.659905287,-13.231219,-10.17480741
3.4719999,-7.0448945,-5.558421761,-11.951926,-9.334454206,-13.695099,-10.53153113
3.4760001,-6.8352945,-5.393047361,-12.629438,-9.863591078,-14.046852,-10.80202919
3.48,-6.610242,-5.215480938,-13.195459,-10.30565348,-14.448602,-11.11097494
3.484,-6.3656296,-5.022481754,-13.691864,-10.69334578,-14.85951,-11.42696319
3.4879999,-6.1066883,-4.818177069,-14.096618,-11.00945866,-15.115493,-11.62381412
3.4920001,-5.8514861,-4.616822533,-14.355287,-11.21147915,-15.09905,-11.61116945
3.4960001,-5.6296668,-4.441807105,-14.444037,-11.2807929,-14.869558,-11.4346901
3.5,-5.4773602,-4.321637198,-14.40332,-11.24899292,-14.59777,-11.22568513
3.5039999,-5.4311038,-4.285140898,-14.30927,-11.17553987,-14.416646,-11.08640077
3.5079999,-5.5230883,-4.357716669,-14.221129,-11.10670175,-14.355135,-11.03909882
3.5120001,-5.7782449,-4.559035226,-14.153664,-11.05401158,-14.351297,-11.03614739
3.516,-6.2123611,-4.901552908,-14.083776,-10.99942906,-14.305234,-11.00072495
3.52,-6.8299301,-5.388814849,-13.978064,-10.91686798,-14.152791,-10.88349628
3.5239999,-7.6205405,-6.012606455,-13.822218,-10.79515226,-13.912559,-10.69875787
3.5280001,-8.5534025,-6.748634573,-13.632119,-10.64668494,-13.661522,-10.50571042
3.5320001,-9.5717441,-7.552106095,-13.440567,-10.49708283,-13.471312,-10.35943893
3.536,-10.593298,-8.358112122,-13.274204,-10.36715332,-13.365044,-10.27771884
3.54,-11.526738,-9.094596282,-13.138701,-10.26132548,-13.311877,-10.23683341
3.5439999,-12.30525,-9.70884225,-13.019099,-10.16791632,-13.250796,-10.18986212
3.5480001,-12.913563,-10.18880121,-12.892304,-10.06888942,-13.131964,-10.09848032
3.552,-13.378501,-10.55563729,-12.743388,-9.952586028,-12.951054,-9.959360526
3.556,-13.731218,-10.833931,-12.574979,-9.821058599,-12.748087,-9.803278903
3.5599999,-13.97948,-11.02980972,-12.403658,-9.687256898,-12.573995,-9.669402155
3.5639999,-14.111889,-11.13428042,-12.247411,-9.565227991,-12.456241,-9.578849329
3.5680001,-14.123799,-11.14367741,-12.114003,-9.461036343,-12.385068,-9.524117292
3.572,-14.037053,-11.07523482,-11.997266,-9.369864746,-12.322595,-9.476075555
3.576,-13.894498,-10.96275892,-11.882301,-9.280077081,-12.2284,-9.4036396
3.5799999,-13.737386,-10.83879755,-11.755729,-9.181224349,-12.087019,-9.294917611
3.5840001,-13.58696,-10.72011144,-11.614299,-9.070767519,-11.917111,-9.164258359
3.5880001,-13.441395,-10.60526066,-11.466116,-8.955036596,-11.755291,-9.039818779
3.592,-13.286128,-10.48275499,-11.324194,-8.844195514,-11.629927,-8.943413863
3.596,-13.109259,-10.34320535,-11.197529,-8.745270149,-11.54417,-8.87746673
3.5999999,-12.912041,-10.18760035,-11.085724,-8.657950444,-11.476064,-8.825093216
3.6040001,-12.708247,-10.02680688,-10.979972,-8.575358132,-11.393791,-8.761825279
3.608,-12.514632,-9.874044648,-10.869235,-8.488872535,-11.27722,-8.67218218
3.612,-12.340576,-9.736714464,-10.747515,-8.393809215,-11.131177,-8.559875113
3.6159999,-12.18364,-9.61289196,-10.617408,-8.292195648,-10.980337,-8.443879153
3.6199999,-12.032715,-9.493812135,-10.487701,-8.190894481,-10.850874,-8.344322106
3.6240001,-11.876094,-9.370238166,-10.367123,-8.096723063,-10.753438,-8.269393822
3.628,-11.709162,-9.238528818,-10.258718,-8.012058758,-10.677672,-8.211129768
3.632,-11.536762,-9.102505218,-10.158301,-7.933633081,-10.599958,-8.151367702
3.6359999,-11.369075,-8.970200175,-10.057565,-7.854958265,-10.499443,-8.074071667
3.6400001,-11.214464,-8.848212096,-9.9496809,-7.770700783,-10.372113,-7.976154897
3.6440001,-11.074285,-8.737610865,-9.8336625,-7.680090413,-10.232604,-7.868872476
3.648,-10.942543,-8.633666427,-9.714635,-7.587129935,-10.102936,-7.769157784
3.652,-10.810169,-8.529223341,-9.6000564,-7.497644048,-9.997441,-7.688032129
3.6559999,-10.67098,-8.41940322,-9.4947183,-7.415374992,-9.9141572,-7.623986887
3.6600001,-10.525407,-8.304546123,-9.3978326,-7.339707261,-9.8370181,-7.564666919
3.664,-10.379643,-8.189538327,-9.3038469,-7.266304429,-9.7469334,-7.495391785
3.668,-10.241097,-8.080225533,-9.2062686,-7.190095777,-9.6347362,-7.409112138
3.6719999,-10.113484,-7.979538876,-9.1019263,-7.10860444,-9.5070218,-7.310899764
3.6760001,-9.9946528,-7.885781059,-8.9928655,-7.023427956,-9.3807238,-7.213776602
3.6800001,-9.8782827,-7.79396505,-8.8846949,-6.938946717,-9.2711097,-7.129483359
3.684,-9.758127,-7.699162203,-8.7827152,-6.859300571,-9.1819646,-7.060930777
3.688,-9.6320168,-7.599661255,-8.6885019,-6.785719984,-9.1038188,-7.000836657
3.6919999,-9.5029825,-7.497853193,-8.5991007,-6.715897647,-9.0206961,-6.936915301
3.6960001,-9.376902,-7.398375678,-8.5091544,-6.645649586,-8.921,-6.860249
3.7,-9.2584703,-7.304933067,-8.4144937,-6.57171958,-8.8052542,-6.77124048
3.704,-9.14822,-7.21794558,-8.3148213,-6.493875435,-8.6851559,-6.678884887
3.7079999,-9.0423966,-7.134450917,-8.2136991,-6.414898997,-8.5750421,-6.594207375
3.7119999,-8.9355674,-7.050162679,-8.1160169,-6.338609199,-8.4822714,-6.522866707
3.7160001,-8.8242102,-6.962301848,-8.0247236,-6.267309132,-8.4028356,-6.461780576
3.72,-8.7088946,-6.871317839,-7.9390216,-6.20037587,-8.324482,-6.401526658
3.724,-8.5936674,-6.780403579,-7.8550476,-6.134792176,-8.2351339,-6.332817969
3.7279999,-8.4831862,-6.693233912,-7.7685167,-6.067211543,-8.13106,-6.25278514
3.7320001,-8.3796541,-6.611547085,-7.6775481,-5.996165066,-8.0190882,-6.166678826
3.7360001,-8.2815044,-6.534106972,-7.583802,-5.922949362,-7.911439,-6.083896591
3.74,-8.1845856,-6.457638038,-7.4912255,-5.850647116,-7.8172829,-6.01149055
3.744,-8.0849614,-6.379034545,-7.4033658,-5.78202869,-7.7368851,-5.949664642
3.7479999,-7.9814688,-6.297378883,-7.3210776,-5.717761606,-7.6618416,-5.89195619
3.7520001,-7.8763445,-6.214435811,-7.2420869,-5.656069869,-7.580953,-5.829752857
3.756,-7.7735705,-6.133347125,-7.1625879,-5.59398115,-7.4878646,-5.758167877
3.76,-7.6761771,-6.056503732,-7.0797943,-5.529319348,-7.3852301,-5.679241947
3.7639999,-7.5843035,-5.984015462,-6.9937303,-5.462103364,-7.2825249,-5.600261648
3.7679999,-7.4952265,-5.913733709,-6.9071037,-5.39444799,-7.1893313,-5.52859577
3.7720001,-7.4052488,-5.842741303,-6.8234121,-5.32908485,-7.1089875,-5.466811388
3.776,-7.3121563,-5.769291321,-6.7446223,-5.267550016,-7.0366652,-5.411195539
3.78,-7.2166185,-5.693911997,-6.6699476,-5.209229076,-6.9628642,-5.35444257
3.7839999,-7.1216166,-5.618955497,-6.5964599,-5.151835182,-6.8799208,-5.290659095
3.7880001,-7.0303751,-5.546965954,-6.5210769,-5.092961059,-6.7871675,-5.219331808
3.7920001,-6.9442355,-5.47900181,-6.4425931,-5.031665211,-6.6911269,-5.145476586
3.796,-6.8618415,-5.413992944,-6.3624127,-4.969044319,-6.6007791,-5.075999128
3.8,-6.7801239,-5.349517757,-6.2835285,-4.907435759,-6.5214465,-5.014992359
3.8039999,-6.696372,-5.283437508,-6.2085005,-4.848838891,-6.4514275,-4.961147748
3.8080001,-6.6100034,-5.215292683,-6.1378028,-4.793623987,-6.3833825,-4.908821143
3.812,-6.5228748,-5.146548217,-6.0695838,-4.740344948,-6.3094191,-4.851943288
3.816,-6.4379599,-5.079550361,-6.0009521,-4.68674359,-6.2264696,-4.788155122
3.8199999,-6.3573454,-5.015945521,-5.929905,-4.631255805,-6.138234,-4.720301946
3.8239999,-6.2808922,-4.955623946,-5.8566139,-4.574015456,-6.0524095,-4.654302906
3.8280001,-6.2064,-4.8968496,-5.7832441,-4.516713642,-5.9753348,-4.595032461
3.832,-6.1311167,-4.837451076,-5.7124513,-4.461424465,-5.9078182,-4.543112196
3.836,-6.0535634,-4.776261523,-5.6456286,-4.409235937,-5.8447958,-4.49464797
3.8399999,-5.9744691,-4.71385612,-5.5820329,-4.359567695,-5.7788844,-4.443962104
3.8440001,-5.8962118,-4.65211111,-5.5193453,-4.310608679,-5.7054447,-4.387486974
3.848,-5.8211777,-4.592909205,-5.4552337,-4.26053752,-5.6256719,-4.326141691
3.852,-5.7501907,-4.536900462,-5.388896,-4.208727776,-5.5455922,-4.264560402
3.8559999,-5.6820197,-4.483113543,-5.3215447,-4.156126411,-5.471797,-4.207811893
3.8599999,-5.6142488,-4.429642303,-5.2555384,-4.10457549,-5.4069967,-4.157980462
3.8640001,-5.5449106,-4.374934463,-5.1927939,-4.055572036,-5.3483432,-4.112875921
3.868,-5.4737742,-4.318807844,-5.1335368,-4.009292241,-5.2894912,-4.067618733
3.872,-5.4024446,-4.262528789,-5.076201,-3.964512981,-5.2249729,-4.01800416
3.8759999,-5.3332332,-4.207920995,-5.0185081,-3.919454826,-5.1539098,-3.963356636
3.8800001,-5.2675996,-4.156136084,-4.9589844,-3.872966816,-5.080484,-3.906892196
3.8840001,-5.2052104,-4.106911006,-4.8979205,-3.825275911,-5.0109259,-3.853402017
3.888,-5.1442048,-4.058777587,-4.8371252,-3.777794781,-4.9492346,-3.805961407
3.892,-5.0824632,-4.010063465,-4.7786936,-3.732159702,-4.8945654,-3.763920793
3.8959999,-5.0190227,-3.96000891,-4.7236103,-3.689139644,-4.8419215,-3.723437634
3.9000001,-4.9546839,-3.909245597,-4.6711352,-3.648156591,-4.7856274,-3.680147471
3.904,-4.8914266,-3.859335587,-4.6193301,-3.607696808,-4.7232113,-3.63214949
3.908,-4.8310543,-3.811701843,-4.5663677,-3.566333174,-4.6570246,-3.581251917
3.9119999,-4.7740039,-3.766689077,-4.511738,-3.523667378,-4.5925061,-3.531637191
3.9159999,-4.7190798,-3.723353962,-4.4565592,-3.480572735,-4.5343933,-3.486948448
3.9200001,-4.6642972,-3.680130491,-4.4027933,-3.438581567,-4.4835488,-3.447849027
3.924,-4.6082044,-3.635873272,-4.3519293,-3.398856783,-4.4364814,-3.411654197
3.928,-4.5508516,-3.590621912,-4.3040088,-3.361430873,-4.3877871,-3.37420828
3.9319999,-4.4937078,-3.545535454,-4.2576249,-3.325205047,-4.3338651,-3.332742262
3.9360001,-4.4386468,-3.502092325,-4.2108842,-3.28870056,-4.2753375,-3.287734538
3.9400001,-4.3866816,-3.461091782,-4.1626561,-3.251034414,-4.2165305,-3.242511955
3.944,-4.3373093,-3.422137038,-4.1133184,-3.21250167,-4.1624134,-3.200895905
3.948,-4.2888719,-3.383919929,-4.0644602,-3.174343416,-4.1152219,-3.164605641
3.9519999,-4.2396862,-3.345112412,-4.017814,-3.137912734,-4.0730152,-3.132148689
3.9560001,-4.1891624,-3.305249134,-3.9740973,-3.103769991,-4.0310718,-3.099894214
3.96,-4.1381805,-3.265024415,-3.9325675,-3.071335218,-3.985147,-3.064578043
3.964,-4.0884632,-3.225797465,-3.8915379,-3.0392911,-3.9343751,-3.025534452
3.9679999,-4.041402,-3.188666178,-3.849511,-3.006468091,-3.881792,-2.985098048
3.9719999,-3.9971349,-3.153739436,-3.8061707,-2.972619317,-3.8321669,-2.946936346
3.9760001,-3.9544732,-3.120079355,-3.7625701,-2.938567248,-3.7887104,-2.913518298
3.98,-3.9117172,-3.086344871,-3.7204013,-2.905633415,-3.7509405,-2.884473245
3.984,-3.8677963,-3.051691281,-3.6808656,-2.874756034,-3.7150733,-2.856891368
3.9879999,-3.8229802,-3.016331378,-3.6438799,-2.845870202,-3.6766494,-2.827343389
3.9920001,-3.7786669,-2.981368184,-3.6081566,-2.817970305,-3.6335903,-2.794230941
3.9960001,-3.7364203,-2.948035617,-3.5720718,-2.789788076,-3.5875898,-2.758856556
4,-3.6969251,-2.916873904,-3.5347505,-2.760640141,-3.5428725,-2.724468953
4.0040002,-3.6595331,-2.887371616,-3.4966337,-2.73087092,-3.5032488,-2.693998327
4.0079999,-3.6227189,-2.858325212,-3.4591622,-2.701605678,-3.4695388,-2.668075337
4.0120001,-3.5851103,-2.828652027,-3.4238061,-2.673992564,-3.4390672,-2.644642677
4.0159998,-3.5464012,-2.798110547,-3.3910852,-2.648437541,-3.4075351,-2.620394492
4.02,-3.5075383,-2.767447719,-3.3602429,-2.624349705,-3.3719816,-2.59305385
4.0240002,-3.4700619,-2.737878839,-3.3297647,-2.600546231,-3.3328033,-2.562925738
4.0279999,-3.4350598,-2.710262182,-3.2983911,-2.576043449,-3.2934228,-2.532642133
4.0320001,-3.4024463,-2.684530131,-3.265956,-2.550711636,-3.2578882,-2.505316026
4.0359998,-3.3710324,-2.659744564,-3.2334723,-2.525341866,-3.2280918,-2.482402594
4.04,-3.3393389,-2.634738392,-3.2024424,-2.501107514,-3.2025258,-2.46274234
4.0440001,-3.3065936,-2.60890235,-3.173851,-2.478777631,-3.1773477,-2.443380381
4.0479999,-3.2732322,-2.582580206,-3.1475159,-2.458209918,-3.1490319,-2.421605531
4.052,-3.2405952,-2.556829613,-3.1222278,-2.438459912,-3.1167921,-2.396813125
4.0560002,-3.2100015,-2.532691184,-3.0965678,-2.418419452,-3.0830854,-2.370892673
4.0599999,-3.1818631,-2.510489986,-3.0698556,-2.397557224,-3.0518659,-2.346884877
4.0640001,-3.1554199,-2.489626301,-3.0425966,-2.376267945,-3.0258578,-2.326884648
4.0679998,-3.1292615,-2.468987324,-3.0161306,-2.355597999,-3.0047143,-2.310625297
4.072,-3.1022803,-2.447699157,-2.991729,-2.336540349,-2.9852899,-2.295687933
4.0760002,-3.0744162,-2.425714382,-2.9697475,-2.319372798,-2.9638231,-2.279179964
4.0799999,-3.0466791,-2.40382981,-2.9494011,-2.303482259,-2.93852,-2.25972188
4.0840001,-3.0204577,-2.383141125,-2.9292954,-2.287779707,-2.9107766,-2.238387205
4.0879998,-2.9965691,-2.36429302,-2.9083608,-2.271429785,-2.8841669,-2.217924346
4.092,-2.9747217,-2.347055421,-2.8865618,-2.254404766,-2.8619573,-2.200845164
4.0960002,-2.9537131,-2.330479636,-2.8649082,-2.237493304,-2.8448769,-2.187710336
4.0999999,-2.9322477,-2.313543435,-2.8447715,-2.221766542,-2.8306484,-2.17676862
4.1040001,-2.9098136,-2.29584293,-2.8269651,-2.207859743,-2.8155728,-2.165175483
4.1079998,-2.887014,-2.277854046,-2.8112111,-2.195555869,-2.7970819,-2.150955981
4.112,-2.865156,-2.260608084,-2.7963371,-2.183939275,-2.7755076,-2.134365344
4.1160002,-2.8453555,-2.24498549,-2.7810645,-2.172011375,-2.7538182,-2.117686196
4.1199999,-2.8277881,-2.231124811,-2.7648693,-2.159362923,-2.7355452,-2.103634259
4.1240001,-2.8115818,-2.21833804,-2.7483237,-2.14644081,-2.7223536,-2.093489918
4.1279998,-2.7954065,-2.205575729,-2.7327076,-2.134244636,-2.71292,-2.08623548
4.132,-2.778375,-2.192137875,-2.7191467,-2.123653573,-2.7038629,-2.07927057
4.1360002,-2.7606384,-2.178143698,-2.7078608,-2.114839285,-2.6920796,-2.070209212
4.1399999,-2.7432696,-2.164439714,-2.6980279,-2.10715979,-2.6768853,-2.058524796
4.1440001,-2.7275349,-2.152025036,-2.6883397,-2.099593306,-2.6604722,-2.045903122
4.1479998,-2.7140297,-2.141369433,-2.6778787,-2.091423265,-2.6463616,-2.03505207
4.152,-2.7022867,-2.132104206,-2.6667309,-2.082716833,-2.6369684,-2.0278287
4.1560001,-2.6910997,-2.123277663,-2.6559298,-2.074281174,-2.6319549,-2.023973318
4.1599998,-2.6793394,-2.113998787,-2.6467482,-2.067110344,-2.6284783,-2.021299813
4.164,-2.6667215,-2.104043264,-2.6398574,-2.061728629,-2.6231608,-2.017210655
4.1680002,-2.6539927,-2.09400024,-2.6348762,-2.057838312,-2.6144203,-2.010489211
4.1719999,-2.6424164,-2.08486654,-2.6306347,-2.054525701,-2.6035657,-2.002142023
4.1760001,-2.6329151,-2.077370014,-2.6259622,-2.050876478,-2.5938639,-1.994681339
4.1799998,-2.625447,-2.071477683,-2.620471,-2.046587851,-2.5882697,-1.990379399
4.184,-2.6190411,-2.066423428,-2.6148184,-2.04217317,-2.5873953,-1.989706986
4.1880002,-2.6124556,-2.061227468,-2.6102605,-2.038613451,-2.5891008,-1.991018515
4.1919999,-2.6050241,-2.055364015,-2.6078138,-2.036702578,-2.5899761,-1.991691621
4.1960001,-2.5971035,-2.049114662,-2.6075709,-2.036512873,-2.5876987,-1.9899403
4.1999998,-2.5898286,-2.043374765,-2.6086517,-2.037356978,-2.5826461,-1.986054851
4.204,-2.5843358,-2.039040946,-2.609788,-2.038244428,-2.5776259,-1.982194317
4.2080002,-2.5809975,-2.036407028,-2.6101792,-2.038549955,-2.5759165,-1.980879789
4.2119999,-2.5791693,-2.034964578,-2.6100328,-2.038435617,-2.5790033,-1.983253538
4.2160001,-2.5776301,-2.033750149,-2.6104215,-2.038739192,-2.5855705,-1.988303715
4.2199998,-2.5754126,-2.032000541,-2.6125624,-2.040411234,-2.5924103,-1.993563521
4.224,-2.5724582,-2.02966952,-2.6170042,-2.04388028,-2.5966387,-1.99681516
4.2280002,-2.5696574,-2.027459689,-2.6232644,-2.048769496,-2.5977016,-1.99763253
4.2319999,-2.5682413,-2.026342386,-2.630152,-2.054148712,-2.5977525,-1.997671673
4.2360001,-2.5689469,-2.026899104,-2.6365686,-2.059160077,-2.600154,-1.999518426
4.2399998,-2.5715233,-2.028931884,-2.6422515,-2.063598422,-2.6071337,-2.004885815
4.244,-2.5749025,-2.031598073,-2.6479472,-2.068046763,-2.6182634,-2.013444555
4.2480001,-2.5779275,-2.033984798,-2.654914,-2.073487834,-2.6307491,-2.023046058
4.2519999,-2.5801435,-2.035733222,-2.6640779,-2.08064484,-2.6413627,-2.031207916
4.256,-2.5821015,-2.037278084,-2.675414,-2.089498334,-2.6486851,-2.036838842
4.2600002,-2.5849866,-2.039554427,-2.6879656,-2.099301134,-2.6540961,-2.040999901
4.2639999,-2.5898077,-2.043358275,-2.7004885,-2.109081519,-2.6608142,-2.04616612
4.2680001,-2.5967142,-2.048807504,-2.7122883,-2.118297162,-2.6716559,-2.054503387
4.2719998,-2.6048953,-2.055262392,-2.7236925,-2.127203843,-2.6870916,-2.06637344
4.276,-2.6131312,-2.061760517,-2.7358301,-2.136683308,-2.7049195,-2.080083096
4.2800002,-2.6206266,-2.067674387,-2.7498705,-2.147648861,-2.7217803,-2.093049051
4.2839999,-2.6275557,-2.073141447,-2.7662386,-2.160432347,-2.7354894,-2.103591349
4.2880001,-2.6349457,-2.078972157,-2.7843293,-2.174561183,-2.7465656,-2.112108946
4.2919998,-2.6439762,-2.086097222,-2.8029067,-2.189070133,-2.7578735,-2.120804722
4.296,-2.6551818,-2.09493844,-2.8209384,-2.20315289,-2.7726275,-2.132150548
4.3000002,-2.6680839,-2.105118197,-2.8382956,-2.216708864,-2.7921626,-2.147173039
4.3039999,-2.6815156,-2.115715808,-2.8558419,-2.230412524,-2.8150105,-2.164743075
4.3080001,-2.6944209,-2.12589809,-2.8748608,-2.245266285,-2.8378985,-2.182343947
4.3119998,-2.7065681,-2.135482231,-2.896186,-2.261921266,-2.8580185,-2.197816227
4.316,-2.7187176,-2.145068186,-2.9196442,-2.28024212,-2.8749896,-2.210867002
4.3200002,-2.7321058,-2.155631476,-2.9441658,-2.29939349,-2.8911355,-2.2232832
4.3239999,-2.7476006,-2.167856873,-2.9684953,-2.318394829,-2.9098638,-2.237685262
4.3280001,-2.7651122,-2.181673526,-2.9920402,-2.336783396,-2.9332963,-2.255704855
4.3319998,-2.7836521,-2.196301507,-3.0152713,-2.354926885,-2.9607932,-2.276849971
4.336,-2.8020051,-2.210782024,-3.0394073,-2.373777101,-2.9893779,-2.298831605
4.3400002,-2.8195582,-2.22463142,-3.0655965,-2.394230867,-3.0157895,-2.319142126
4.3439999,-2.836725,-2.238176025,-3.0941357,-2.416519982,-3.0387583,-2.336805133
4.348,-2.8546663,-2.252331711,-3.1242719,-2.440056354,-3.0599158,-2.35307525
4.3520002,-2.8745001,-2.267980579,-3.1546958,-2.46381742,-3.0826562,-2.370562618
4.3559999,-2.8965361,-2.285366983,-3.1844224,-2.487033894,-3.1097788,-2.391419897
4.3600001,-2.9200631,-2.303929786,-3.2134544,-2.509707886,-3.1415351,-2.415840492
4.3639998,-2.943828,-2.322680292,-3.24278,-2.53261118,-3.1754347,-2.441909284
4.368,-2.9668878,-2.340874474,-3.2736997,-2.556759466,-3.2079493,-2.466913012
4.3720002,-2.9892648,-2.358529927,-3.3069465,-2.582725217,-3.2369718,-2.489231314
4.3759999,-3.011929,-2.376411981,-3.3421864,-2.610247578,-3.2633036,-2.509480468
4.3800001,-3.0361441,-2.395517695,-3.3782433,-2.638408017,-3.2901137,-2.530097435
4.3839998,-3.0625942,-2.416386824,-3.4139022,-2.666257618,-3.3207185,-2.553632527
4.388,-3.0909177,-2.438734065,-3.448741,-2.693466721,-3.3562654,-2.580968093
4.3920002,-3.1199347,-2.461628478,-3.4834333,-2.720561407,-3.3949012,-2.610679023
4.3959999,-3.148452,-2.484128628,-3.5192914,-2.748566583,-3.4330116,-2.63998592
4.4000001,-3.1760763,-2.505924201,-3.5573565,-2.778295427,-3.4677184,-2.66667545
4.4039998,-3.2034924,-2.527555504,-3.5976651,-2.809776443,-3.4988995,-2.690653716
4.408,-3.2319958,-2.550044686,-3.639174,-2.842194894,-3.529298,-2.714030162
4.4120002,-3.2626125,-2.574201263,-3.680432,-2.874417392,-3.5626203,-2.739655011
4.4159999,-3.2953877,-2.600060895,-3.7205375,-2.905739788,-3.6009618,-2.769139624
4.4200001,-3.3293455,-2.6268536,-3.7597612,-2.936373497,-3.6433401,-2.801728537
4.4239998,-3.3631465,-2.653522589,-3.7993709,-2.967308673,-3.6863547,-2.834806764
4.428,-3.395997,-2.679441633,-3.8407887,-2.999655975,-3.7265356,-2.865705876
4.4320002,-3.4281995,-2.704849406,-3.8846266,-3.033893375,-3.7627727,-2.893572206
4.4359999,-3.4609494,-2.730689077,-3.930262,-3.069534622,-3.7971146,-2.919981127
4.4400001,-3.4955102,-2.757957548,-3.9762335,-3.105438364,-3.8333375,-2.947836538
4.4439998,-3.5323467,-2.787021546,-4.0212077,-3.140563214,-3.8742883,-2.979327703
4.448,-3.5707937,-2.817356229,-4.0648793,-3.174670733,-3.9198813,-3.01438872
4.4520001,-3.6094889,-2.847886742,-4.1081755,-3.208485066,-3.967109,-3.050706821
4.4559999,-3.6473058,-2.877724276,-4.1526219,-3.243197704,-4.0121045,-3.085308361
4.46,-3.6841236,-2.90677352,-4.1993015,-3.279654472,-4.0528391,-3.116633268
4.4640002,-3.7209128,-2.935800199,-4.2480928,-3.317760477,-4.0905749,-3.145652098
4.4679999,-3.7590668,-2.965903705,-4.2977251,-3.356523303,-4.1289928,-3.175195463
4.4720001,-3.7994378,-2.997756424,-4.3466109,-3.394703113,-4.1716059,-3.207964937
4.4759998,-3.8417247,-3.031120788,-4.3939098,-3.431643554,-4.219281,-3.244627089
4.48,-3.8846588,-3.064995793,-4.4401009,-3.467718803,-4.2695953,-3.283318786
4.4840002,-3.9268552,-3.098288753,-4.4866484,-3.5040724,-4.3184696,-3.320903122
4.4879999,-3.967755,-3.130558695,-4.5350058,-3.54183953,-4.3630149,-3.355158458
4.4920001,-4.0080225,-3.162329753,-4.5855948,-3.581349539,-4.4035827,-3.386355096
4.4959998,-4.0490862,-3.194729012,-4.6374952,-3.621883751,-4.4435458,-3.41708672
4.5,-4.0921549,-3.228710216,-4.6890258,-3.66212915,-4.486927,-3.450446863
4.5040002,-4.1373703,-3.264385167,-4.7388713,-3.701058485,-4.5355599,-3.487845563
4.5079999,-4.1836834,-3.300926203,-4.7869675,-3.738621618,-4.5877709,-3.527995822
4.5120001,-4.2295523,-3.337116765,-4.8345474,-3.775781519,-4.6394871,-3.56776558
4.5159998,-4.2739821,-3.372171877,-4.8832957,-3.813853942,-4.6870624,-3.604350986
4.52,-4.3172169,-3.406284134,-4.9341742,-3.85359005,-4.7298576,-3.637260494
4.5240002,-4.3605693,-3.440489178,-4.9867399,-3.894643862,-4.7707277,-3.668689601
4.5279999,-4.4055094,-3.475946917,-5.0394034,-3.935774055,-4.8140074,-3.701971691
4.5320001,-4.4526386,-3.513131855,-5.090484,-3.975668004,-4.8624507,-3.739224588
4.5359998,-4.5012399,-3.551478281,-5.139344,-4.013827664,-4.9152578,-3.779833248
4.54,-4.549745,-3.589748805,-5.1868279,-4.05091259,-4.96857,-3.82083033
4.5440001,-4.5967899,-3.626867231,-5.2346852,-4.088289141,-5.018136,-3.858946584
4.5479999,-4.6421517,-3.662657691,-5.2843583,-4.127083832,-5.0623207,-3.892924618
4.552,-4.6869058,-3.697968676,-5.3359721,-4.16739421,-5.1033022,-3.924439392
4.5560002,-4.7326818,-3.73408594,-5.3882069,-4.208189589,-5.1455528,-3.956930103
4.5599999,-4.7805232,-3.771832805,-5.4391598,-4.247983804,-5.1926798,-3.993170766
4.5640001,-4.8301377,-3.810978645,-5.4876334,-4.285841685,-5.2448469,-4.033287266
4.5679998,-4.8800673,-3.8503731,-5.5339548,-4.322018699,-5.2985918,-4.074617094
4.572,-4.9286601,-3.888712819,-5.5797546,-4.357788343,-5.3491912,-4.113528033
4.5760002,-4.9752036,-3.92543564,-5.6268478,-4.394568132,-5.3939891,-4.147977618
4.5799999,-5.02042,-3.96111138,-5.6759666,-4.432929915,-5.4343194,-4.178991619
4.5840001,-5.0659618,-3.99704386,-5.7262243,-4.472181178,-5.4746001,-4.209967477
4.5879998,-5.1132567,-4.034359536,-5.775679,-4.510805299,-5.5192113,-4.24427349
4.592,-5.1624948,-4.073208397,-5.8226338,-4.547476998,-5.5693918,-4.282862294
4.5960002,-5.2124546,-4.112626679,-5.8668035,-4.581973534,-5.6223104,-4.323556698
4.5999999,-5.2613155,-4.15117793,-5.9095156,-4.615331684,-5.6729817,-4.362522927
4.6040001,-5.3079007,-4.187933652,-5.9527998,-4.649136644,-5.7177663,-4.396962285
4.6079998,-5.3524993,-4.223121948,-5.9979863,-4.6844273,-5.7569915,-4.427126464
4.612,-5.396673,-4.257974997,-6.0447697,-4.720965136,-5.7947615,-4.456171594
4.6160002,-5.4421718,-4.29387355,-6.0913826,-4.757369811,-5.8360668,-4.487935369
4.6199999,-5.4896981,-4.331371801,-6.1357815,-4.792045352,-5.8832392,-4.524210945
4.6240001,-5.5383938,-4.369792708,-6.1770488,-4.824275113,-5.9342709,-4.563454322
4.6279998,-5.5863889,-4.407660842,-6.2160376,-4.854725366,-5.9841531,-4.601813734
4.632,-5.6320759,-4.443707885,-6.2547957,-4.884995442,-6.0283738,-4.635819452
4.6360002,-5.6752245,-4.477752131,-6.2951554,-4.916516367,-6.0661609,-4.664877732
4.6399999,-5.7171504,-4.510831666,-6.3374595,-4.94955587,-6.1010893,-4.691737672
4.6440001,-5.7598057,-4.544486697,-6.3802998,-4.983014144,-6.138566,-4.720557254
4.6479998,-5.8044074,-4.579677439,-6.4214549,-5.015156277,-6.1820002,-4.753958154
4.652,-5.8505773,-4.61610549,-6.4594191,-5.044806317,-6.230368,-4.791152992
4.6560001,-5.8965598,-4.652385682,-6.4944539,-5.072168496,-6.278863,-4.828445647
4.6599998,-5.940425,-4.686995325,-6.5284354,-5.098708047,-6.322236,-4.861799484
4.664,-5.9814023,-4.719326415,-6.5635739,-5.126151216,-6.3585558,-4.88972941
4.6680002,-6.0204323,-4.750121085,-6.6008867,-5.155292513,-6.3906466,-4.914407235
4.6719999,-6.0595254,-4.780965541,-6.6394829,-5.185436145,-6.4241235,-4.940150972
4.6760001,-6.1003564,-4.8131812,-6.6771471,-5.214851885,-6.4634206,-4.970370441
4.6799998,-6.1430829,-4.846892408,-6.7118569,-5.241960239,-6.5086481,-5.005150389
4.684,-6.1862086,-4.880918585,-6.7431903,-5.266431624,-6.5554596,-5.041148432
4.6880002,-6.2275939,-4.913571587,-6.7726527,-5.289441759,-6.5980637,-5.073910985
4.6919999,-6.2659429,-4.943828948,-6.8026574,-5.312875429,-6.6333538,-5.101049072
4.6960001,-6.301727,-4.972062603,-6.8348816,-5.33804253,-6.6631991,-5.124000108
4.6999998,-6.3368739,-4.999793507,-6.8691019,-5.364768584,-6.6931706,-5.147048191
4.704,-6.3734349,-5.028640136,-6.9033356,-5.391505104,-6.7286042,-5.17429663
4.7080002,-6.412151,-5.059187139,-6.9351951,-5.416387373,-6.7708268,-5.206765809
4.7119999,-6.4519173,-5.09056275,-6.963543,-5.438527083,-6.8161757,-5.241639113
4.7160001,-6.4905292,-5.121027539,-6.9893196,-5.458658608,-6.8585152,-5.274198189
4.7199998,-6.5262129,-5.149181978,-7.0149219,-5.478654004,-6.8935906,-5.301171171
4.724,-6.558886,-5.174961054,-7.0425761,-5.500251934,-6.922135,-5.323121815
4.7280002,-6.5902451,-5.199703384,-7.0728115,-5.523865782,-6.9494262,-5.344108748
4.7319999,-6.6226032,-5.225233925,-7.1040874,-5.548292259,-6.9815701,-5.368827407
4.7360001,-6.6572853,-5.252598102,-7.133846,-5.571533726,-7.0211951,-5.399299032
4.7399998,-6.6936941,-5.281324645,-7.1602776,-5.592176806,-7.0655826,-5.433433019
4.744,-6.7297086,-5.309740085,-7.1836131,-5.610401831,-7.1085244,-5.466455264
4.7480001,-6.7631536,-5.33612819,-7.206004,-5.627889124,-7.1447058,-5.49427876
4.7519999,-6.7933375,-5.359943288,-7.2300759,-5.646689278,-7.1735736,-5.516478098
4.756,-6.8215744,-5.382222202,-7.2571395,-5.66782595,-7.199825,-5.536665425
4.7600002,-6.850296,-5.404883544,-7.2863012,-5.690601237,-7.2301168,-5.559959819
4.7639999,-6.881373,-5.429403297,-7.3150656,-5.713066234,-7.2683774,-5.589382221
4.7680001,-6.914816,-5.455789824,-7.3410628,-5.733370047,-7.3130323,-5.623721839
4.7719998,-6.9487541,-5.482566985,-7.3637139,-5.751060556,-7.3580627,-5.658350216
4.776,-6.9807336,-5.50779881,-7.3846764,-5.767432268,-7.3972316,-5.6884711
4.7800002,-7.0094452,-5.530452263,-7.4067404,-5.784664252,-7.4285953,-5.712589786
4.7839999,-7.0356852,-5.551155623,-7.431934,-5.804340454,-7.4560138,-5.733674612
4.7880001,-7.0618417,-5.571793101,-7.4601385,-5.826368169,-7.4864714,-5.757096507
4.7919998,-7.0902587,-5.594214114,-7.4891728,-5.849043957,-7.5251716,-5.78685696
4.796,-7.1216157,-5.618954787,-7.5162874,-5.870220459,-7.5718875,-5.822781488
4.8000002,-7.1544582,-5.64486752,-7.5400922,-5.888812008,-7.6210795,-5.860610136
4.8039999,-7.1861966,-5.669909117,-7.5615652,-5.905582421,-7.6657721,-5.894978745
4.8080001,-7.2149328,-5.692581979,-7.5834309,-5.922659533,-7.7025831,-5.923286404
4.8119998,-7.2408273,-5.71301274,-7.6083194,-5.942097451,-7.7342843,-5.947664627
4.816,-7.2660397,-5.732905323,-7.6369844,-5.964484816,-7.767953,-5.973555857
4.8200002,-7.293261,-5.754382929,-7.6677892,-5.988543365,-7.8100198,-6.005905226
4.8239999,-7.3238619,-5.778527039,-7.6978307,-6.012005777,-7.8617882,-6.045715126
4.8280001,-7.3569498,-5.804633392,-7.7249547,-6.033189621,-7.9185027,-6.089328576
4.8319998,-7.3899818,-5.83069564,-7.7492998,-6.052203144,-7.9726673,-6.130981154
4.836,-7.4205498,-5.854813792,-7.7732617,-6.070917388,-8.0194296,-6.166941362
4.8400002,-7.4481083,-5.876557449,-7.7998936,-6.091716902,-8.0602362,-6.198321638
4.8439999,-7.4744173,-5.89731525,-7.8308445,-6.115889555,-8.1019857,-6.230427003
4.848,-7.5023708,-5.919370561,-7.8652483,-6.142758922,-8.1522567,-6.269085402
4.8520002,-7.5340198,-5.944341622,-7.9003258,-6.17015445,-8.2140387,-6.31659576
4.8559999,-7.5691665,-5.972072369,-7.9333178,-6.195921202,-8.2836383,-6.370117853
4.8600001,-7.6055077,-6.000745575,-7.9634564,-6.219459448,-8.3532127,-6.423620566
4.8639998,-7.6402469,-6.028154804,-7.9925866,-6.242210135,-8.4163357,-6.472162153
4.868,-7.6720957,-6.053283507,-8.0239904,-6.266736502,-8.4727542,-6.51554798
4.8720002,-7.702247,-6.077072883,-8.0602054,-6.295020417,-8.5287778,-6.558630128
4.8759999,-7.7336169,-6.101823734,-8.101358,-6.327160598,-8.5929107,-6.607948328
4.8800001,-7.7688725,-6.129640403,-8.1451176,-6.361336846,-8.6699049,-6.667156868
4.8839998,-7.8086096,-6.160992974,-8.1883595,-6.39510877,-8.7574048,-6.734444291
4.888,-7.8509559,-6.194404205,-8.2294118,-6.427170616,-8.8475067,-6.803732652
4.8920002,-7.8928822,-6.227484056,-8.269344,-6.458357664,-8.9323614,-6.868985917
4.8959999,-7.932362,-6.258633618,-8.3113631,-6.491174581,-9.0100199,-6.928705303
4.9000001,-7.9698723,-6.288229245,-8.3587116,-6.52815376,-9.0862389,-6.987317714
4.9039998,-8.0081618,-6.31843966,-8.4125041,-6.570165702,-9.1707223,-7.052285449
4.908,-8.0504157,-6.351777987,-8.4709854,-6.615839597,-9.2705264,-7.129034802
4.9120002,-8.098102,-6.389402478,-8.5307406,-6.662508409,-9.3852845,-7.217283781
4.9159999,-8.1499873,-6.43033998,-8.5890797,-6.708071246,-9.5075204,-7.311283188
4.9200001,-8.2030155,-6.47217923,-8.6460135,-6.752536544,-9.6280301,-7.403955147
4.9239998,-8.2544853,-6.512788902,-8.7043837,-6.79812367,-9.7428373,-7.492241884
4.928,-8.3040481,-6.551893951,-8.7680402,-6.847839396,-9.8566914,-7.579795687
4.9320002,-8.3540797,-6.591368883,-8.839306,-6.903497986,-9.9802871,-7.67484078
4.9359999,-8.4081397,-6.634022223,-8.9174442,-6.96452392,-10.123128,-7.784685432
4.9400001,-8.4685703,-6.681701967,-8.9992101,-7.028383088,-10.287128,-7.910801432
4.9439998,-8.5349123,-6.734045805,-9.0811614,-7.092387053,-10.465327,-8.047836463
4.948,-8.60423,-6.78873747,-9.1622101,-7.155686088,-10.646868,-8.187441492
4.9520001,-8.6731755,-6.84313547,-9.2446243,-7.220051578,-10.825211,-8.324587259
4.9559999,-8.7404101,-6.896183569,-9.3327124,-7.288848384,-11.003777,-8.461904513
4.96,-8.8076627,-6.94924587,-9.4300698,-7.364884514,-11.194448,-8.608530512
4.9640002,-8.8786247,-7.005234888,-9.5372613,-7.448601075,-11.409676,-8.774040844
4.9679999,-8.9564231,-7.066617826,-9.6515244,-7.537840556,-11.653777,-8.961754513
4.9720001,-9.0414389,-7.133695292,-9.7687845,-7.629420695,-11.919375,-9.165999375
4.9759998,-9.1309882,-7.20434969,-9.8866804,-7.721497392,-12.191798,-9.375492662
4.98,-9.2211749,-7.275506996,-10.006549,-7.815114769,-12.459148,-9.581084812
4.9840002,-9.3096946,-7.345349039,-10.132861,-7.913764441,-12.720992,-9.782442848
4.9879999,-9.3976508,-7.414746481,-10.270426,-8.021202706,-12.988077,-9.987831213
4.9920001,-9.4890182,-7.48683536,-10.421259,-8.139003279,-13.271891,-10.20608418
4.9959998,-9.588069,-7.564986441,-10.583231,-8.265503411,-13.570885,-10.43601057
5,-9.6965401,-7.650570139,-10.751522,-8.396938682,-13.862936,-10.66059778
